avgrating,move1,move2,numgames_firstmoves
800,,,3
800,a2a3,a7a5,1
800,a2a3,a7a6,1
800,a2a3,b7b6,1
800,a2a3,b8c6,1
800,a2a3,c7c5,1
800,a2a3,d7d5,1
800,a2a3,d7d6,1
800,a2a3,e7e5,2
800,a2a3,e7e6,1
800,a2a4,a7a5,2
800,a2a4,b8c6,3
800,a2a4,c7c5,1
800,a2a4,d7d5,6
800,a2a4,e7e5,11
800,a2a4,e7e6,1
800,a2a4,g8f6,1
800,b1a3,e7e5,3
800,b1c3,a7a5,2
800,b1c3,b7b5,1
800,b1c3,b8c6,8
800,b1c3,c7c5,3
800,b1c3,c7c6,4
800,b1c3,d7d5,13
800,b1c3,d7d6,3
800,b1c3,e7e5,32
800,b1c3,e7e6,1
800,b1c3,f7f6,1
800,b1c3,g7g6,1
800,b1c3,g8f6,2
800,b1c3,h7h5,1
800,b1c3,h7h6,1
800,b2b3,a7a5,1
800,b2b3,b8c6,2
800,b2b3,d7d5,6
800,b2b3,e7e5,4
800,b2b3,e7e6,2
800,b2b3,f7f5,1
800,b2b3,g7g5,1
800,b2b3,g7g6,1
800,b2b4,b7b5,1
800,b2b4,b7b6,3
800,b2b4,b8c6,6
800,b2b4,c7c5,1
800,b2b4,c7c6,1
800,b2b4,d7d5,1
800,b2b4,d7d6,5
800,b2b4,e7e5,28
800,b2b4,e7e6,4
800,b2b4,g7g5,1
800,b2b4,g7g6,1
800,b2b4,g8f6,4
800,c2c3,c7c5,1
800,c2c3,d7d5,3
800,c2c3,e7e5,9
800,c2c3,e7e6,5
800,c2c3,g7g6,1
800,c2c4,b7b6,2
800,c2c4,b8a6,1
800,c2c4,b8c6,5
800,c2c4,c7c5,13
800,c2c4,c7c6,2
800,c2c4,d7d5,10
800,c2c4,d7d6,2
800,c2c4,e7e5,33
800,c2c4,e7e6,4
800,c2c4,f7f5,2
800,c2c4,g7g6,1
800,c2c4,g8f6,2
800,c2c4,g8h6,1
800,d2d3,a7a5,2
800,d2d3,b7b6,1
800,d2d3,b8c6,1
800,d2d3,c7c6,1
800,d2d3,d7d5,21
800,d2d3,e7e5,21
800,d2d3,e7e6,2
800,d2d3,f7f5,1
800,d2d3,f7f6,1
800,d2d3,g8f6,4
800,d2d4,a7a5,9
800,d2d4,a7a6,1
800,d2d4,b7b5,1
800,d2d4,b7b6,6
800,d2d4,b8a6,1
800,d2d4,b8c6,57
800,d2d4,c7c5,12
800,d2d4,c7c6,14
800,d2d4,d7d5,421
800,d2d4,d7d6,45
800,d2d4,e7e5,31
800,d2d4,e7e6,94
800,d2d4,f7f5,14
800,d2d4,f7f6,5
800,d2d4,g7g5,1
800,d2d4,g7g6,7
800,d2d4,g8f6,47
800,d2d4,g8h6,1
800,d2d4,h7h5,2
800,d2d4,h7h6,3
800,e2e3,b7b5,1
800,e2e3,b7b6,4
800,e2e3,b8c6,3
800,e2e3,c7c5,11
800,e2e3,c7c6,2
800,e2e3,d7d5,29
800,e2e3,d7d6,6
800,e2e3,e7e5,81
800,e2e3,e7e6,9
800,e2e3,f7f5,1
800,e2e3,g7g6,1
800,e2e3,g8f6,5
800,e2e4,,1
800,e2e4,a7a5,13
800,e2e4,a7a6,1
800,e2e4,b7b5,3
800,e2e4,b7b6,17
800,e2e4,b8a6,2
800,e2e4,b8c6,39
800,e2e4,c7c5,128
800,e2e4,c7c6,26
800,e2e4,d7d5,197
800,e2e4,d7d6,67
800,e2e4,e7e5,1056
800,e2e4,e7e6,121
800,e2e4,f7f5,10
800,e2e4,f7f6,7
800,e2e4,g7g5,6
800,e2e4,g7g6,27
800,e2e4,g8f6,78
800,e2e4,g8h6,1
800,e2e4,h7h5,8
800,f2f3,b8c6,1
800,f2f3,e7e5,1
800,f2f4,b8c6,2
800,f2f4,d7d5,5
800,f2f4,e7e6,4
800,f2f4,f7f5,2
800,f2f4,g8f6,4
800,f2f4,h7h6,1
800,g1f3,a7a5,1
800,g1f3,b7b5,2
800,g1f3,b7b6,5
800,g1f3,b8c6,10
800,g1f3,c7c5,10
800,g1f3,c7c6,2
800,g1f3,d7d5,44
800,g1f3,d7d6,8
800,g1f3,e7e5,7
800,g1f3,e7e6,17
800,g1f3,f7f6,4
800,g1f3,g7g6,5
800,g1f3,g8f6,15
800,g1f3,h7h6,1
800,g1h3,d7d5,1
800,g2g3,a7a5,1
800,g2g3,b7b5,1
800,g2g3,b7b6,1
800,g2g3,b8c6,1
800,g2g3,c7c5,1
800,g2g3,c7c6,1
800,g2g3,d7d5,9
800,g2g3,d7d6,3
800,g2g3,e7e5,12
800,g2g3,e7e6,5
800,g2g3,f7f5,2
800,g2g3,g7g5,2
800,g2g4,c7c6,1
800,g2g4,e7e5,7
800,g2g4,e7e6,1
800,g2g4,g8f6,2
800,h2h3,b7b5,1
800,h2h3,b7b6,3
800,h2h3,b8c6,1
800,h2h3,c7c5,3
800,h2h3,c7c6,1
800,h2h3,d7d5,10
800,h2h3,d7d6,4
800,h2h3,e7e5,30
800,h2h3,e7e6,7
800,h2h3,g8f6,2
800,h2h4,b7b6,1
800,h2h4,b8c6,3
800,h2h4,c7c6,2
800,h2h4,d7d5,5
800,h2h4,d7d6,1
800,h2h4,e7e5,9
800,h2h4,g7g6,2
1000,,,274
1000,a2a3,a7a6,1
1000,a2a3,b7b5,1
1000,a2a3,b7b6,1
1000,a2a3,b8c6,1
1000,a2a3,c7c5,1
1000,a2a3,c7c6,1
1000,a2a3,d7d5,9
1000,a2a3,d7d6,2
1000,a2a3,e7e5,26
1000,a2a3,e7e6,1
1000,a2a3,g7g6,3
1000,a2a3,g8f6,2
1000,a2a3,h7h6,1
1000,a2a4,a7a5,6
1000,a2a4,a7a6,1
1000,a2a4,b7b6,3
1000,a2a4,b8c6,6
1000,a2a4,c7c5,12
1000,a2a4,c7c6,3
1000,a2a4,d7d5,41
1000,a2a4,d7d6,1
1000,a2a4,e7e5,100
1000,a2a4,e7e6,12
1000,a2a4,f7f5,1
1000,a2a4,f7f6,1
1000,a2a4,g7g5,1
1000,a2a4,g7g6,3
1000,a2a4,g8f6,4
1000,a2a4,h7h5,1
1000,b1a3,b8c6,1
1000,b1a3,c7c5,3
1000,b1a3,c7c6,1
1000,b1a3,d7d5,16
1000,b1a3,d7d6,2
1000,b1a3,e7e5,13
1000,b1a3,e7e6,2
1000,b1a3,g7g6,1
1000,b1a3,g8f6,1
1000,b1c3,,1
1000,b1c3,a7a5,4
1000,b1c3,a7a6,2
1000,b1c3,b7b5,2
1000,b1c3,b7b6,8
1000,b1c3,b8c6,35
1000,b1c3,c7c5,26
1000,b1c3,c7c6,18
1000,b1c3,d7d5,102
1000,b1c3,d7d6,25
1000,b1c3,e7e5,269
1000,b1c3,e7e6,49
1000,b1c3,f7f5,7
1000,b1c3,f7f6,1
1000,b1c3,g7g5,2
1000,b1c3,g7g6,24
1000,b1c3,g8f6,43
1000,b1c3,h7h6,1
1000,b2b3,,1
1000,b2b3,a7a5,3
1000,b2b3,a7a6,1
1000,b2b3,b7b5,3
1000,b2b3,b7b6,18
1000,b2b3,b8a6,1
1000,b2b3,b8c6,11
1000,b2b3,c7c5,15
1000,b2b3,c7c6,11
1000,b2b3,d7d5,95
1000,b2b3,d7d6,9
1000,b2b3,e7e5,185
1000,b2b3,e7e6,35
1000,b2b3,f7f5,4
1000,b2b3,f7f6,3
1000,b2b3,g7g6,14
1000,b2b3,g8f6,10
1000,b2b3,g8h6,1
1000,b2b3,h7h5,4
1000,b2b3,h7h6,2
1000,b2b4,a7a5,3
1000,b2b4,a7a6,2
1000,b2b4,b7b5,5
1000,b2b4,b7b6,7
1000,b2b4,b8a6,1
1000,b2b4,b8c6,6
1000,b2b4,c7c6,5
1000,b2b4,d7d5,43
1000,b2b4,d7d6,3
1000,b2b4,e7e5,90
1000,b2b4,e7e6,10
1000,b2b4,f7f5,1
1000,b2b4,g7g6,13
1000,b2b4,g8f6,10
1000,c2c3,,1
1000,c2c3,a7a6,2
1000,c2c3,b7b5,1
1000,c2c3,b7b6,7
1000,c2c3,b8c6,10
1000,c2c3,c7c5,9
1000,c2c3,c7c6,6
1000,c2c3,d7d5,54
1000,c2c3,d7d6,3
1000,c2c3,e7e5,146
1000,c2c3,e7e6,17
1000,c2c3,f7f5,3
1000,c2c3,f7f6,1
1000,c2c3,g7g6,13
1000,c2c3,g8f6,17
1000,c2c4,,5
1000,c2c4,a7a5,1
1000,c2c4,a7a6,6
1000,c2c4,b7b5,2
1000,c2c4,b7b6,36
1000,c2c4,b8a6,6
1000,c2c4,b8c6,50
1000,c2c4,c7c5,171
1000,c2c4,c7c6,39
1000,c2c4,d7d5,195
1000,c2c4,d7d6,54
1000,c2c4,e7e5,715
1000,c2c4,e7e6,106
1000,c2c4,f7f5,10
1000,c2c4,f7f6,3
1000,c2c4,g7g5,1
1000,c2c4,g7g6,44
1000,c2c4,g8f6,97
1000,c2c4,h7h5,4
1000,c2c4,h7h6,2
1000,d2d3,,3
1000,d2d3,a7a5,1
1000,d2d3,a7a6,3
1000,d2d3,b7b5,1
1000,d2d3,b7b6,14
1000,d2d3,b8c6,12
1000,d2d3,c7c5,39
1000,d2d3,c7c6,12
1000,d2d3,d7d5,253
1000,d2d3,d7d6,27
1000,d2d3,e7e5,311
1000,d2d3,e7e6,68
1000,d2d3,f7f5,3
1000,d2d3,f7f6,5
1000,d2d3,g7g5,1
1000,d2d3,g7g6,15
1000,d2d3,g8f6,44
1000,d2d3,g8h6,2
1000,d2d3,h7h5,3
1000,d2d3,h7h6,3
1000,d2d4,,32
1000,d2d4,a7a5,51
1000,d2d4,a7a6,40
1000,d2d4,b7b5,32
1000,d2d4,b7b6,246
1000,d2d4,b8a6,16
1000,d2d4,b8c6,513
1000,d2d4,c7c5,363
1000,d2d4,c7c6,266
1000,d2d4,d7d5,8642
1000,d2d4,d7d6,638
1000,d2d4,e7e5,559
1000,d2d4,e7e6,1691
1000,d2d4,f7f5,236
1000,d2d4,f7f6,57
1000,d2d4,g7g5,24
1000,d2d4,g7g6,336
1000,d2d4,g8f6,1307
1000,d2d4,g8h6,13
1000,d2d4,h7h5,32
1000,d2d4,h7h6,50
1000,e2e3,,11
1000,e2e3,a7a5,9
1000,e2e3,a7a6,14
1000,e2e3,b7b5,2
1000,e2e3,b7b6,56
1000,e2e3,b8a6,1
1000,e2e3,b8c6,45
1000,e2e3,c7c5,121
1000,e2e3,c7c6,38
1000,e2e3,d7d5,558
1000,e2e3,d7d6,69
1000,e2e3,e7e5,1315
1000,e2e3,e7e6,208
1000,e2e3,f7f5,18
1000,e2e3,f7f6,7
1000,e2e3,g7g5,4
1000,e2e3,g7g6,61
1000,e2e3,g8f6,91
1000,e2e3,g8h6,2
1000,e2e3,h7h5,11
1000,e2e3,h7h6,4
1000,e2e4,,76
1000,e2e4,a7a5,108
1000,e2e4,a7a6,106
1000,e2e4,b7b5,45
1000,e2e4,b7b6,523
1000,e2e4,b8a6,13
1000,e2e4,b8c6,816
1000,e2e4,c7c5,3811
1000,e2e4,c7c6,878
1000,e2e4,d7d5,4377
1000,e2e4,d7d6,1076
1000,e2e4,e7e5,22385
1000,e2e4,e7e6,2929
1000,e2e4,f7f5,87
1000,e2e4,f7f6,137
1000,e2e4,g7g5,92
1000,e2e4,g7g6,788
1000,e2e4,g8f6,950
1000,e2e4,g8h6,29
1000,e2e4,h7h5,88
1000,e2e4,h7h6,38
1000,f2f3,a7a6,2
1000,f2f3,b8c6,2
1000,f2f3,c7c5,3
1000,f2f3,d7d5,21
1000,f2f3,d7d6,3
1000,f2f3,e7e5,29
1000,f2f3,e7e6,5
1000,f2f3,f7f5,1
1000,f2f3,g7g6,3
1000,f2f3,g8f6,3
1000,f2f3,g8h6,1
1000,f2f4,,1
1000,f2f4,a7a5,8
1000,f2f4,b7b5,1
1000,f2f4,b7b6,7
1000,f2f4,b8c6,22
1000,f2f4,c7c5,11
1000,f2f4,c7c6,3
1000,f2f4,d7d5,162
1000,f2f4,d7d6,22
1000,f2f4,e7e5,22
1000,f2f4,e7e6,72
1000,f2f4,f7f5,43
1000,f2f4,f7f6,6
1000,f2f4,g7g5,3
1000,f2f4,g7g6,10
1000,f2f4,g8f6,15
1000,g1f3,,1
1000,g1f3,a7a5,9
1000,g1f3,a7a6,2
1000,g1f3,b7b5,8
1000,g1f3,b7b6,30
1000,g1f3,b8a6,1
1000,g1f3,b8c6,136
1000,g1f3,c7c5,65
1000,g1f3,c7c6,18
1000,g1f3,d7d5,506
1000,g1f3,d7d6,76
1000,g1f3,e7e5,104
1000,g1f3,e7e6,170
1000,g1f3,f7f5,20
1000,g1f3,f7f6,43
1000,g1f3,g7g6,31
1000,g1f3,g8f6,127
1000,g1f3,g8h6,3
1000,g1f3,h7h5,4
1000,g1f3,h7h6,5
1000,g1h3,a7a5,1
1000,g1h3,b8c6,2
1000,g1h3,d7d5,9
1000,g1h3,d7d6,4
1000,g1h3,e7e5,14
1000,g1h3,e7e6,1
1000,g1h3,g7g6,2
1000,g1h3,h7h5,1
1000,g2g3,,2
1000,g2g3,a7a5,1
1000,g2g3,a7a6,1
1000,g2g3,b7b5,6
1000,g2g3,b7b6,27
1000,g2g3,b8c6,22
1000,g2g3,c7c5,36
1000,g2g3,c7c6,31
1000,g2g3,d7d5,183
1000,g2g3,d7d6,27
1000,g2g3,e7e5,347
1000,g2g3,e7e6,57
1000,g2g3,f7f5,7
1000,g2g3,f7f6,1
1000,g2g3,g7g5,5
1000,g2g3,g7g6,23
1000,g2g3,g8f6,53
1000,g2g3,h7h5,2
1000,g2g3,h7h6,2
1000,g2g4,a7a5,1
1000,g2g4,b7b6,2
1000,g2g4,b8c6,1
1000,g2g4,c7c5,2
1000,g2g4,d7d5,34
1000,g2g4,d7d6,7
1000,g2g4,e7e5,61
1000,g2g4,e7e6,7
1000,g2g4,g7g5,3
1000,g2g4,g7g6,5
1000,g2g4,g8f6,7
1000,g2g4,h7h5,4
1000,g2g4,h7h6,1
1000,h2h3,,1
1000,h2h3,a7a6,1
1000,h2h3,b7b6,3
1000,h2h3,b8c6,2
1000,h2h3,c7c6,1
1000,h2h3,d7d5,29
1000,h2h3,d7d6,3
1000,h2h3,e7e5,64
1000,h2h3,e7e6,11
1000,h2h3,f7f5,1
1000,h2h3,f7f6,1
1000,h2h3,g7g5,1
1000,h2h3,g7g6,5
1000,h2h3,g8f6,2
1000,h2h3,h7h5,2
1000,h2h3,h7h6,1
1000,h2h4,a7a5,1
1000,h2h4,b7b6,2
1000,h2h4,b8c6,4
1000,h2h4,c7c5,4
1000,h2h4,c7c6,4
1000,h2h4,d7d5,30
1000,h2h4,d7d6,4
1000,h2h4,e7e5,66
1000,h2h4,e7e6,11
1000,h2h4,f7f6,1
1000,h2h4,g7g6,4
1000,h2h4,g8f6,4
1000,h2h4,g8h6,1
1000,h2h4,h7h5,8
1000,h2h4,h7h6,2
1200,,,2597
1200,a2a3,,1
1200,a2a3,a7a5,3
1200,a2a3,a7a6,3
1200,a2a3,b7b5,1
1200,a2a3,b7b6,11
1200,a2a3,b8a6,1
1200,a2a3,b8c6,12
1200,a2a3,c7c5,22
1200,a2a3,c7c6,5
1200,a2a3,d7d5,53
1200,a2a3,d7d6,10
1200,a2a3,e7e5,133
1200,a2a3,e7e6,32
1200,a2a3,f7f5,2
1200,a2a3,g7g5,2
1200,a2a3,g7g6,15
1200,a2a3,g8f6,9
1200,a2a3,g8h6,1
1200,a2a3,h7h6,4
1200,a2a4,,3
1200,a2a4,a7a5,13
1200,a2a4,a7a6,2
1200,a2a4,b7b5,1
1200,a2a4,b7b6,9
1200,a2a4,b8a6,2
1200,a2a4,b8c6,10
1200,a2a4,c7c5,16
1200,a2a4,c7c6,9
1200,a2a4,d7d5,96
1200,a2a4,d7d6,13
1200,a2a4,e7e5,199
1200,a2a4,e7e6,15
1200,a2a4,f7f5,1
1200,a2a4,f7f6,1
1200,a2a4,g7g6,20
1200,a2a4,g8f6,15
1200,a2a4,h7h5,1
1200,a2a4,h7h6,1
1200,b1a3,,4
1200,b1a3,a7a5,1
1200,b1a3,a7a6,2
1200,b1a3,b7b6,1
1200,b1a3,b8c6,1
1200,b1a3,c7c5,5
1200,b1a3,d7d5,17
1200,b1a3,d7d6,1
1200,b1a3,e7e5,31
1200,b1a3,e7e6,10
1200,b1a3,f7f6,2
1200,b1a3,g7g6,1
1200,b1a3,g8f6,2
1200,b1c3,,9
1200,b1c3,a7a5,8
1200,b1c3,a7a6,9
1200,b1c3,b7b5,2
1200,b1c3,b7b6,49
1200,b1c3,b8c6,52
1200,b1c3,c7c5,134
1200,b1c3,c7c6,74
1200,b1c3,d7d5,523
1200,b1c3,d7d6,67
1200,b1c3,e7e5,850
1200,b1c3,e7e6,187
1200,b1c3,f7f5,11
1200,b1c3,f7f6,1
1200,b1c3,g7g5,3
1200,b1c3,g7g6,95
1200,b1c3,g8f6,195
1200,b1c3,h7h5,4
1200,b1c3,h7h6,5
1200,b2b3,,15
1200,b2b3,a7a5,15
1200,b2b3,a7a6,9
1200,b2b3,b7b5,10
1200,b2b3,b7b6,87
1200,b2b3,b8a6,2
1200,b2b3,b8c6,51
1200,b2b3,c7c5,162
1200,b2b3,c7c6,54
1200,b2b3,d7d5,730
1200,b2b3,d7d6,95
1200,b2b3,e7e5,1186
1200,b2b3,e7e6,266
1200,b2b3,f7f5,14
1200,b2b3,f7f6,51
1200,b2b3,g7g5,13
1200,b2b3,g7g6,94
1200,b2b3,g8f6,156
1200,b2b3,g8h6,2
1200,b2b3,h7h5,7
1200,b2b3,h7h6,6
1200,b2b4,,6
1200,b2b4,a7a5,11
1200,b2b4,a7a6,6
1200,b2b4,b7b5,17
1200,b2b4,b7b6,16
1200,b2b4,b8a6,4
1200,b2b4,b8c6,16
1200,b2b4,c7c5,15
1200,b2b4,c7c6,25
1200,b2b4,d7d5,186
1200,b2b4,d7d6,19
1200,b2b4,e7e5,417
1200,b2b4,e7e6,83
1200,b2b4,f7f5,5
1200,b2b4,f7f6,3
1200,b2b4,g7g5,2
1200,b2b4,g7g6,56
1200,b2b4,g8f6,53
1200,b2b4,g8h6,2
1200,b2b4,h7h5,2
1200,b2b4,h7h6,2
1200,c2c3,,7
1200,c2c3,a7a5,4
1200,c2c3,a7a6,2
1200,c2c3,b7b5,2
1200,c2c3,b7b6,25
1200,c2c3,b8a6,3
1200,c2c3,b8c6,17
1200,c2c3,c7c5,67
1200,c2c3,c7c6,17
1200,c2c3,d7d5,244
1200,c2c3,d7d6,31
1200,c2c3,e7e5,477
1200,c2c3,e7e6,104
1200,c2c3,f7f5,7
1200,c2c3,f7f6,5
1200,c2c3,g7g6,40
1200,c2c3,g8f6,52
1200,c2c3,g8h6,3
1200,c2c3,h7h5,4
1200,c2c3,h7h6,1
1200,c2c4,,41
1200,c2c4,a7a5,21
1200,c2c4,a7a6,23
1200,c2c4,b7b5,12
1200,c2c4,b7b6,161
1200,c2c4,b8a6,6
1200,c2c4,b8c6,154
1200,c2c4,c7c5,792
1200,c2c4,c7c6,205
1200,c2c4,d7d5,826
1200,c2c4,d7d6,270
1200,c2c4,e7e5,3130
1200,c2c4,e7e6,715
1200,c2c4,f7f5,81
1200,c2c4,f7f6,16
1200,c2c4,g7g5,16
1200,c2c4,g7g6,326
1200,c2c4,g8f6,647
1200,c2c4,g8h6,1
1200,c2c4,h7h5,16
1200,c2c4,h7h6,13
1200,d2d3,,19
1200,d2d3,a7a5,9
1200,d2d3,a7a6,8
1200,d2d3,b7b5,9
1200,d2d3,b7b6,74
1200,d2d3,b8a6,3
1200,d2d3,b8c6,50
1200,d2d3,c7c5,179
1200,d2d3,c7c6,61
1200,d2d3,d7d5,1066
1200,d2d3,d7d6,160
1200,d2d3,e7e5,1043
1200,d2d3,e7e6,311
1200,d2d3,f7f5,21
1200,d2d3,f7f6,7
1200,d2d3,g7g5,3
1200,d2d3,g7g6,131
1200,d2d3,g8f6,157
1200,d2d3,h7h5,6
1200,d2d3,h7h6,18
1200,d2d4,,385
1200,d2d4,a7a5,176
1200,d2d4,a7a6,208
1200,d2d4,b7b5,134
1200,d2d4,b7b6,1692
1200,d2d4,b8a6,45
1200,d2d4,b8c6,1229
1200,d2d4,c7c5,2100
1200,d2d4,c7c6,1816
1200,d2d4,d7d5,40856
1200,d2d4,d7d6,2842
1200,d2d4,e7e5,2081
1200,d2d4,e7e6,9026
1200,d2d4,f7f5,1135
1200,d2d4,f7f6,170
1200,d2d4,g7g5,61
1200,d2d4,g7g6,2531
1200,d2d4,g8f6,8797
1200,d2d4,g8h6,36
1200,d2d4,h7h5,134
1200,d2d4,h7h6,224
1200,e2e3,,41
1200,e2e3,a7a5,35
1200,e2e3,a7a6,47
1200,e2e3,b7b5,11
1200,e2e3,b7b6,272
1200,e2e3,b8a6,4
1200,e2e3,b8c6,179
1200,e2e3,c7c5,778
1200,e2e3,c7c6,184
1200,e2e3,d7d5,1944
1200,e2e3,d7d6,292
1200,e2e3,e7e5,4989
1200,e2e3,e7e6,1000
1200,e2e3,f7f5,43
1200,e2e3,f7f6,12
1200,e2e3,g7g5,26
1200,e2e3,g7g6,358
1200,e2e3,g8f6,383
1200,e2e3,g8h6,2
1200,e2e3,h7h5,16
1200,e2e3,h7h6,27
1200,e2e4,,866
1200,e2e4,a7a5,454
1200,e2e4,a7a6,705
1200,e2e4,b7b5,149
1200,e2e4,b7b6,4311
1200,e2e4,b8a6,150
1200,e2e4,b8c6,4283
1200,e2e4,c7c5,29289
1200,e2e4,c7c6,6749
1200,e2e4,d7d5,19107
1200,e2e4,d7d6,5933
1200,e2e4,e7e5,106113
1200,e2e4,e7e6,18920
1200,e2e4,f7f5,426
1200,e2e4,f7f6,277
1200,e2e4,g7g5,323
1200,e2e4,g7g6,4341
1200,e2e4,g8f6,3182
1200,e2e4,g8h6,71
1200,e2e4,h7h5,363
1200,e2e4,h7h6,251
1200,f2f3,a7a5,1
1200,f2f3,a7a6,1
1200,f2f3,b7b5,1
1200,f2f3,b7b6,10
1200,f2f3,b8c6,3
1200,f2f3,c7c5,18
1200,f2f3,c7c6,9
1200,f2f3,d7d5,58
1200,f2f3,d7d6,10
1200,f2f3,e7e5,149
1200,f2f3,e7e6,34
1200,f2f3,f7f5,5
1200,f2f3,f7f6,1
1200,f2f3,g7g5,1
1200,f2f3,g7g6,5
1200,f2f3,g8f6,14
1200,f2f3,h7h5,1
1200,f2f3,h7h6,1
1200,f2f4,,15
1200,f2f4,a7a5,3
1200,f2f4,a7a6,5
1200,f2f4,b7b5,3
1200,f2f4,b7b6,69
1200,f2f4,b8a6,4
1200,f2f4,b8c6,145
1200,f2f4,c7c5,191
1200,f2f4,c7c6,45
1200,f2f4,d7d5,1096
1200,f2f4,d7d6,125
1200,f2f4,e7e5,138
1200,f2f4,e7e6,421
1200,f2f4,f7f5,137
1200,f2f4,f7f6,18
1200,f2f4,g7g5,10
1200,f2f4,g7g6,98
1200,f2f4,g8f6,146
1200,f2f4,g8h6,4
1200,f2f4,h7h5,3
1200,f2f4,h7h6,6
1200,g1f3,,40
1200,g1f3,a7a5,20
1200,g1f3,a7a6,12
1200,g1f3,b7b5,13
1200,g1f3,b7b6,290
1200,g1f3,b8a6,6
1200,g1f3,b8c6,878
1200,g1f3,c7c5,642
1200,g1f3,c7c6,159
1200,g1f3,d7d5,3096
1200,g1f3,d7d6,478
1200,g1f3,e7e5,322
1200,g1f3,e7e6,1005
1200,g1f3,f7f5,69
1200,g1f3,f7f6,128
1200,g1f3,g7g5,5
1200,g1f3,g7g6,281
1200,g1f3,g8f6,720
1200,g1f3,g8h6,4
1200,g1f3,h7h5,18
1200,g1f3,h7h6,51
1200,g1h3,a7a6,1
1200,g1h3,b7b6,5
1200,g1h3,b8a6,1
1200,g1h3,b8c6,6
1200,g1h3,c7c5,7
1200,g1h3,d7d5,70
1200,g1h3,d7d6,10
1200,g1h3,e7e5,86
1200,g1h3,e7e6,16
1200,g1h3,f7f5,2
1200,g1h3,f7f6,3
1200,g1h3,g7g6,4
1200,g1h3,g8f6,12
1200,g1h3,g8h6,1
1200,g1h3,h7h5,1
1200,g1h3,h7h6,1
1200,g2g3,,15
1200,g2g3,a7a5,11
1200,g2g3,a7a6,14
1200,g2g3,b7b5,16
1200,g2g3,b7b6,167
1200,g2g3,b8a6,2
1200,g2g3,b8c6,131
1200,g2g3,c7c5,281
1200,g2g3,c7c6,198
1200,g2g3,d7d5,1457
1200,g2g3,d7d6,139
1200,g2g3,e7e5,1852
1200,g2g3,e7e6,414
1200,g2g3,f7f5,43
1200,g2g3,f7f6,8
1200,g2g3,g7g5,16
1200,g2g3,g7g6,208
1200,g2g3,g8f6,211
1200,g2g3,g8h6,3
1200,g2g3,h7h5,27
1200,g2g3,h7h6,11
1200,g2g4,,4
1200,g2g4,a7a5,4
1200,g2g4,a7a6,1
1200,g2g4,b7b5,3
1200,g2g4,b7b6,26
1200,g2g4,b8c6,26
1200,g2g4,c7c5,43
1200,g2g4,c7c6,18
1200,g2g4,d7d5,252
1200,g2g4,d7d6,37
1200,g2g4,e7e5,277
1200,g2g4,e7e6,64
1200,g2g4,f7f5,4
1200,g2g4,f7f6,5
1200,g2g4,g7g5,16
1200,g2g4,g7g6,29
1200,g2g4,g8f6,20
1200,g2g4,h7h5,5
1200,g2g4,h7h6,10
1200,h2h3,a7a5,4
1200,h2h3,b7b5,1
1200,h2h3,b7b6,9
1200,h2h3,b8c6,9
1200,h2h3,c7c5,21
1200,h2h3,c7c6,6
1200,h2h3,d7d5,101
1200,h2h3,d7d6,9
1200,h2h3,e7e5,198
1200,h2h3,e7e6,36
1200,h2h3,f7f6,2
1200,h2h3,g7g6,14
1200,h2h3,g8f6,18
1200,h2h3,h7h5,1
1200,h2h3,h7h6,4
1200,h2h4,,8
1200,h2h4,a7a5,5
1200,h2h4,b7b5,4
1200,h2h4,b7b6,12
1200,h2h4,b8c6,10
1200,h2h4,c7c5,26
1200,h2h4,c7c6,9
1200,h2h4,d7d5,121
1200,h2h4,d7d6,13
1200,h2h4,e7e5,231
1200,h2h4,e7e6,29
1200,h2h4,f7f5,2
1200,h2h4,g7g6,19
1200,h2h4,g8f6,14
1200,h2h4,h7h5,18
1200,h2h4,h7h6,6
1400,,,7143
1400,a2a3,,11
1400,a2a3,a7a5,6
1400,a2a3,a7a6,7
1400,a2a3,b7b5,3
1400,a2a3,b7b6,25
1400,a2a3,b8c6,5
1400,a2a3,c7c5,55
1400,a2a3,c7c6,17
1400,a2a3,d7d5,222
1400,a2a3,d7d6,23
1400,a2a3,e7e5,359
1400,a2a3,e7e6,98
1400,a2a3,f7f5,10
1400,a2a3,f7f6,2
1400,a2a3,g7g6,42
1400,a2a3,g8f6,39
1400,a2a3,h7h5,4
1400,a2a3,h7h6,5
1400,a2a4,,5
1400,a2a4,a7a5,22
1400,a2a4,a7a6,9
1400,a2a4,b7b5,5
1400,a2a4,b7b6,13
1400,a2a4,b8c6,6
1400,a2a4,c7c5,42
1400,a2a4,c7c6,21
1400,a2a4,d7d5,135
1400,a2a4,d7d6,19
1400,a2a4,e7e5,233
1400,a2a4,e7e6,44
1400,a2a4,f7f5,5
1400,a2a4,f7f6,4
1400,a2a4,g7g5,1
1400,a2a4,g7g6,25
1400,a2a4,g8f6,33
1400,a2a4,h7h5,8
1400,a2a4,h7h6,3
1400,b1a3,,2
1400,b1a3,a7a5,1
1400,b1a3,a7a6,3
1400,b1a3,b7b5,1
1400,b1a3,b7b6,1
1400,b1a3,b8a6,1
1400,b1a3,b8c6,1
1400,b1a3,c7c5,8
1400,b1a3,c7c6,3
1400,b1a3,d7d5,12
1400,b1a3,e7e5,25
1400,b1a3,e7e6,12
1400,b1a3,g7g6,7
1400,b1a3,g8f6,6
1400,b1a3,h7h6,1
1400,b1c3,,26
1400,b1c3,a7a5,8
1400,b1c3,a7a6,23
1400,b1c3,b7b5,6
1400,b1c3,b7b6,98
1400,b1c3,b8a6,2
1400,b1c3,b8c6,83
1400,b1c3,c7c5,242
1400,b1c3,c7c6,107
1400,b1c3,d7d5,831
1400,b1c3,d7d6,116
1400,b1c3,e7e5,998
1400,b1c3,e7e6,366
1400,b1c3,f7f5,22
1400,b1c3,f7f6,12
1400,b1c3,g7g5,4
1400,b1c3,g7g6,170
1400,b1c3,g8f6,436
1400,b1c3,h7h5,4
1400,b1c3,h7h6,4
1400,b2b3,,58
1400,b2b3,a7a5,51
1400,b2b3,a7a6,36
1400,b2b3,b7b5,17
1400,b2b3,b7b6,348
1400,b2b3,b8a6,2
1400,b2b3,b8c6,143
1400,b2b3,c7c5,610
1400,b2b3,c7c6,211
1400,b2b3,d7d5,2166
1400,b2b3,d7d6,326
1400,b2b3,e7e5,2845
1400,b2b3,e7e6,864
1400,b2b3,f7f5,40
1400,b2b3,f7f6,127
1400,b2b3,g7g5,6
1400,b2b3,g7g6,362
1400,b2b3,g8f6,616
1400,b2b3,h7h5,26
1400,b2b3,h7h6,14
1400,b2b4,,19
1400,b2b4,a7a5,58
1400,b2b4,a7a6,19
1400,b2b4,b7b5,47
1400,b2b4,b7b6,97
1400,b2b4,b8c6,40
1400,b2b4,c7c5,65
1400,b2b4,c7c6,94
1400,b2b4,d7d5,713
1400,b2b4,d7d6,125
1400,b2b4,e7e5,1389
1400,b2b4,e7e6,430
1400,b2b4,f7f5,25
1400,b2b4,f7f6,20
1400,b2b4,g7g5,7
1400,b2b4,g7g6,160
1400,b2b4,g8f6,243
1400,b2b4,g8h6,1
1400,b2b4,h7h5,4
1400,b2b4,h7h6,3
1400,c2c3,,12
1400,c2c3,a7a5,2
1400,c2c3,a7a6,10
1400,c2c3,b7b5,4
1400,c2c3,b7b6,60
1400,c2c3,b8c6,27
1400,c2c3,c7c5,157
1400,c2c3,c7c6,56
1400,c2c3,d7d5,412
1400,c2c3,d7d6,64
1400,c2c3,e7e5,572
1400,c2c3,e7e6,196
1400,c2c3,f7f5,7
1400,c2c3,f7f6,4
1400,c2c3,g7g5,3
1400,c2c3,g7g6,102
1400,c2c3,g8f6,135
1400,c2c3,h7h5,4
1400,c2c3,h7h6,5
1400,c2c4,,135
1400,c2c4,a7a5,47
1400,c2c4,a7a6,89
1400,c2c4,b7b5,80
1400,c2c4,b7b6,532
1400,c2c4,b8a6,7
1400,c2c4,b8c6,272
1400,c2c4,c7c5,2700
1400,c2c4,c7c6,845
1400,c2c4,d7d5,1951
1400,c2c4,d7d6,700
1400,c2c4,e7e5,6979
1400,c2c4,e7e6,2329
1400,c2c4,f7f5,316
1400,c2c4,f7f6,47
1400,c2c4,g7g5,21
1400,c2c4,g7g6,1216
1400,c2c4,g8f6,2561
1400,c2c4,g8h6,6
1400,c2c4,h7h5,35
1400,c2c4,h7h6,31
1400,d2d3,,57
1400,d2d3,a7a5,17
1400,d2d3,a7a6,50
1400,d2d3,b7b5,15
1400,d2d3,b7b6,244
1400,d2d3,b8a6,1
1400,d2d3,b8c6,92
1400,d2d3,c7c5,606
1400,d2d3,c7c6,230
1400,d2d3,d7d5,2267
1400,d2d3,d7d6,295
1400,d2d3,e7e5,1509
1400,d2d3,e7e6,764
1400,d2d3,f7f5,58
1400,d2d3,f7f6,21
1400,d2d3,g7g5,8
1400,d2d3,g7g6,404
1400,d2d3,g8f6,520
1400,d2d3,g8h6,3
1400,d2d3,h7h5,21
1400,d2d3,h7h6,16
1400,d2d4,,1169
1400,d2d4,a7a5,398
1400,d2d4,a7a6,511
1400,d2d4,b7b5,305
1400,d2d4,b7b6,4840
1400,d2d4,b8a6,33
1400,d2d4,b8c6,1627
1400,d2d4,c7c5,7291
1400,d2d4,c7c6,5078
1400,d2d4,d7d5,81396
1400,d2d4,d7d6,6326
1400,d2d4,e7e5,5076
1400,d2d4,e7e6,22447
1400,d2d4,f7f5,3255
1400,d2d4,f7f6,308
1400,d2d4,g7g5,102
1400,d2d4,g7g6,8665
1400,d2d4,g8f6,28786
1400,d2d4,g8h6,16
1400,d2d4,h7h5,339
1400,d2d4,h7h6,408
1400,e2e3,,109
1400,e2e3,a7a5,42
1400,e2e3,a7a6,97
1400,e2e3,b7b5,17
1400,e2e3,b7b6,539
1400,e2e3,b8a6,6
1400,e2e3,b8c6,209
1400,e2e3,c7c5,1783
1400,e2e3,c7c6,535
1400,e2e3,d7d5,3390
1400,e2e3,d7d6,534
1400,e2e3,e7e5,6435
1400,e2e3,e7e6,1802
1400,e2e3,f7f5,84
1400,e2e3,f7f6,29
1400,e2e3,g7g5,22
1400,e2e3,g7g6,773
1400,e2e3,g8f6,652
1400,e2e3,g8h6,3
1400,e2e3,h7h5,38
1400,e2e3,h7h6,30
1400,e2e4,,2610
1400,e2e4,a7a5,681
1400,e2e4,a7a6,1693
1400,e2e4,b7b5,193
1400,e2e4,b7b6,10840
1400,e2e4,b8a6,65
1400,e2e4,b8c6,7791
1400,e2e4,c7c5,83214
1400,e2e4,c7c6,18592
1400,e2e4,d7d5,37700
1400,e2e4,d7d6,13417
1400,e2e4,e7e5,182409
1400,e2e4,e7e6,50719
1400,e2e4,f7f5,882
1400,e2e4,f7f6,411
1400,e2e4,g7g5,468
1400,e2e4,g7g6,13137
1400,e2e4,g8f6,6911
1400,e2e4,g8h6,58
1400,e2e4,h7h5,763
1400,e2e4,h7h6,451
1400,f2f3,,9
1400,f2f3,a7a5,2
1400,f2f3,a7a6,5
1400,f2f3,b7b5,2
1400,f2f3,b7b6,32
1400,f2f3,b8c6,15
1400,f2f3,c7c5,55
1400,f2f3,c7c6,29
1400,f2f3,d7d5,175
1400,f2f3,d7d6,22
1400,f2f3,e7e5,213
1400,f2f3,e7e6,75
1400,f2f3,f7f5,8
1400,f2f3,f7f6,2
1400,f2f3,g7g5,2
1400,f2f3,g7g6,40
1400,f2f3,g8f6,27
1400,f2f3,h7h5,4
1400,f2f4,,82
1400,f2f4,a7a5,11
1400,f2f4,a7a6,36
1400,f2f4,b7b5,7
1400,f2f4,b7b6,254
1400,f2f4,b8a6,3
1400,f2f4,b8c6,301
1400,f2f4,c7c5,706
1400,f2f4,c7c6,216
1400,f2f4,d7d5,2459
1400,f2f4,d7d6,375
1400,f2f4,e7e5,390
1400,f2f4,e7e6,1022
1400,f2f4,f7f5,245
1400,f2f4,f7f6,33
1400,f2f4,g7g5,11
1400,f2f4,g7g6,255
1400,f2f4,g8f6,335
1400,f2f4,g8h6,5
1400,f2f4,h7h5,18
1400,f2f4,h7h6,22
1400,g1f3,,144
1400,g1f3,a7a5,37
1400,g1f3,a7a6,48
1400,g1f3,b7b5,27
1400,g1f3,b7b6,809
1400,g1f3,b8a6,3
1400,g1f3,b8c6,1729
1400,g1f3,c7c5,1861
1400,g1f3,c7c6,634
1400,g1f3,d7d5,6719
1400,g1f3,d7d6,1046
1400,g1f3,e7e5,568
1400,g1f3,e7e6,2440
1400,g1f3,f7f5,208
1400,g1f3,f7f6,113
1400,g1f3,g7g5,15
1400,g1f3,g7g6,969
1400,g1f3,g8f6,2084
1400,g1f3,g8h6,5
1400,g1f3,h7h5,49
1400,g1f3,h7h6,94
1400,g1h3,a7a6,1
1400,g1h3,b7b5,2
1400,g1h3,b7b6,1
1400,g1h3,b8c6,1
1400,g1h3,c7c5,9
1400,g1h3,c7c6,4
1400,g1h3,d7d5,44
1400,g1h3,d7d6,7
1400,g1h3,e7e5,45
1400,g1h3,e7e6,17
1400,g1h3,f7f5,2
1400,g1h3,f7f6,2
1400,g1h3,g7g6,2
1400,g1h3,g8f6,11
1400,g1h3,h7h5,1
1400,g2g3,,63
1400,g2g3,a7a5,36
1400,g2g3,a7a6,58
1400,g2g3,b7b5,17
1400,g2g3,b7b6,530
1400,g2g3,b8a6,1
1400,g2g3,b8c6,301
1400,g2g3,c7c5,1056
1400,g2g3,c7c6,794
1400,g2g3,d7d5,3817
1400,g2g3,d7d6,487
1400,g2g3,e7e5,3292
1400,g2g3,e7e6,1277
1400,g2g3,f7f5,106
1400,g2g3,f7f6,16
1400,g2g3,g7g5,33
1400,g2g3,g7g6,793
1400,g2g3,g8f6,649
1400,g2g3,h7h5,71
1400,g2g3,h7h6,20
1400,g2g4,,8
1400,g2g4,a7a5,6
1400,g2g4,a7a6,8
1400,g2g4,b7b5,4
1400,g2g4,b7b6,46
1400,g2g4,b8c6,49
1400,g2g4,c7c5,140
1400,g2g4,c7c6,44
1400,g2g4,d7d5,617
1400,g2g4,d7d6,79
1400,g2g4,e7e5,479
1400,g2g4,e7e6,136
1400,g2g4,f7f5,2
1400,g2g4,f7f6,4
1400,g2g4,g7g5,15
1400,g2g4,g7g6,78
1400,g2g4,g8f6,37
1400,g2g4,g8h6,1
1400,g2g4,h7h5,20
1400,g2g4,h7h6,9
1400,h2h3,,2
1400,h2h3,a7a5,3
1400,h2h3,a7a6,4
1400,h2h3,b7b5,1
1400,h2h3,b7b6,40
1400,h2h3,b8c6,9
1400,h2h3,c7c5,63
1400,h2h3,c7c6,25
1400,h2h3,d7d5,172
1400,h2h3,d7d6,18
1400,h2h3,e7e5,226
1400,h2h3,e7e6,87
1400,h2h3,f7f5,4
1400,h2h3,f7f6,1
1400,h2h3,g7g6,39
1400,h2h3,g8f6,32
1400,h2h3,h7h5,4
1400,h2h3,h7h6,5
1400,h2h4,,9
1400,h2h4,a7a5,8
1400,h2h4,a7a6,3
1400,h2h4,b7b5,3
1400,h2h4,b7b6,47
1400,h2h4,b8a6,2
1400,h2h4,b8c6,30
1400,h2h4,c7c5,87
1400,h2h4,c7c6,35
1400,h2h4,d7d5,331
1400,h2h4,d7d6,32
1400,h2h4,e7e5,333
1400,h2h4,e7e6,97
1400,h2h4,f7f5,8
1400,h2h4,f7f6,4
1400,h2h4,g7g5,1
1400,h2h4,g7g6,54
1400,h2h4,g8f6,37
1400,h2h4,g8h6,1
1400,h2h4,h7h5,38
1400,h2h4,h7h6,21
1600,,,7170
1600,a2a3,,5
1600,a2a3,a7a5,6
1600,a2a3,a7a6,4
1600,a2a3,b7b5,4
1600,a2a3,b7b6,25
1600,a2a3,b8c6,6
1600,a2a3,c7c5,57
1600,a2a3,c7c6,28
1600,a2a3,d7d5,165
1600,a2a3,d7d6,19
1600,a2a3,e7e5,157
1600,a2a3,e7e6,51
1600,a2a3,f7f5,5
1600,a2a3,f7f6,3
1600,a2a3,g7g6,42
1600,a2a3,g8f6,44
1600,a2a3,h7h5,4
1600,a2a3,h7h6,2
1600,a2a4,,3
1600,a2a4,a7a5,6
1600,a2a4,a7a6,6
1600,a2a4,b7b5,1
1600,a2a4,b7b6,8
1600,a2a4,b8c6,4
1600,a2a4,c7c5,32
1600,a2a4,c7c6,11
1600,a2a4,d7d5,99
1600,a2a4,d7d6,17
1600,a2a4,e7e5,119
1600,a2a4,e7e6,40
1600,a2a4,f7f5,12
1600,a2a4,f7f6,2
1600,a2a4,g7g6,31
1600,a2a4,g8f6,32
1600,a2a4,h7h5,2
1600,b1a3,a7a6,2
1600,b1a3,c7c5,4
1600,b1a3,c7c6,2
1600,b1a3,d7d5,4
1600,b1a3,d7d6,3
1600,b1a3,e7e5,15
1600,b1a3,e7e6,8
1600,b1a3,f7f5,1
1600,b1a3,g7g6,2
1600,b1a3,g8f6,1
1600,b1c3,,12
1600,b1c3,a7a5,4
1600,b1c3,a7a6,11
1600,b1c3,b7b5,2
1600,b1c3,b7b6,97
1600,b1c3,b8a6,1
1600,b1c3,b8c6,47
1600,b1c3,c7c5,209
1600,b1c3,c7c6,123
1600,b1c3,d7d5,694
1600,b1c3,d7d6,115
1600,b1c3,e7e5,457
1600,b1c3,e7e6,353
1600,b1c3,f7f5,45
1600,b1c3,f7f6,7
1600,b1c3,g7g6,192
1600,b1c3,g8f6,403
1600,b1c3,g8h6,2
1600,b1c3,h7h5,9
1600,b1c3,h7h6,1
1600,b2b3,,77
1600,b2b3,a7a5,71
1600,b2b3,a7a6,19
1600,b2b3,b7b5,29
1600,b2b3,b7b6,670
1600,b2b3,b8c6,115
1600,b2b3,c7c5,958
1600,b2b3,c7c6,553
1600,b2b3,d7d5,2672
1600,b2b3,d7d6,574
1600,b2b3,e7e5,2380
1600,b2b3,e7e6,1397
1600,b2b3,f7f5,92
1600,b2b3,f7f6,155
1600,b2b3,g7g5,5
1600,b2b3,g7g6,697
1600,b2b3,g8f6,1264
1600,b2b3,g8h6,3
1600,b2b3,h7h5,26
1600,b2b3,h7h6,22
1600,b2b4,,33
1600,b2b4,a7a5,79
1600,b2b4,a7a6,26
1600,b2b4,b7b5,44
1600,b2b4,b7b6,170
1600,b2b4,b8c6,24
1600,b2b4,c7c5,152
1600,b2b4,c7c6,202
1600,b2b4,d7d5,825
1600,b2b4,d7d6,143
1600,b2b4,e7e5,1343
1600,b2b4,e7e6,619
1600,b2b4,f7f5,46
1600,b2b4,f7f6,11
1600,b2b4,g7g5,3
1600,b2b4,g7g6,235
1600,b2b4,g8f6,458
1600,b2b4,g8h6,2
1600,b2b4,h7h5,6
1600,b2b4,h7h6,4
1600,c2c3,,16
1600,c2c3,a7a5,7
1600,c2c3,a7a6,9
1600,c2c3,b7b5,8
1600,c2c3,b7b6,91
1600,c2c3,b8a6,1
1600,c2c3,b8c6,36
1600,c2c3,c7c5,241
1600,c2c3,c7c6,138
1600,c2c3,d7d5,563
1600,c2c3,d7d6,114
1600,c2c3,e7e5,425
1600,c2c3,e7e6,298
1600,c2c3,f7f5,17
1600,c2c3,f7f6,16
1600,c2c3,g7g5,3
1600,c2c3,g7g6,128
1600,c2c3,g8f6,240
1600,c2c3,h7h5,1
1600,c2c3,h7h6,15
1600,c2c4,,170
1600,c2c4,a7a5,29
1600,c2c4,a7a6,70
1600,c2c4,b7b5,89
1600,c2c4,b7b6,701
1600,c2c4,b8a6,8
1600,c2c4,b8c6,245
1600,c2c4,c7c5,3104
1600,c2c4,c7c6,1431
1600,c2c4,d7d5,1970
1600,c2c4,d7d6,968
1600,c2c4,e7e5,6321
1600,c2c4,e7e6,3151
1600,c2c4,f7f5,416
1600,c2c4,f7f6,41
1600,c2c4,g7g5,20
1600,c2c4,g7g6,1709
1600,c2c4,g8f6,4001
1600,c2c4,g8h6,1
1600,c2c4,h7h5,41
1600,c2c4,h7h6,15
1600,d2d3,,60
1600,d2d3,a7a5,13
1600,d2d3,a7a6,47
1600,d2d3,b7b5,10
1600,d2d3,b7b6,411
1600,d2d3,b8a6,5
1600,d2d3,b8c6,91
1600,d2d3,c7c5,898
1600,d2d3,c7c6,512
1600,d2d3,d7d5,2588
1600,d2d3,d7d6,446
1600,d2d3,e7e5,1184
1600,d2d3,e7e6,1126
1600,d2d3,f7f5,106
1600,d2d3,f7f6,29
1600,d2d3,g7g5,6
1600,d2d3,g7g6,675
1600,d2d3,g8f6,851
1600,d2d3,g8h6,2
1600,d2d3,h7h5,20
1600,d2d3,h7h6,24
1600,d2d4,,1205
1600,d2d4,a7a5,220
1600,d2d4,a7a6,375
1600,d2d4,b7b5,322
1600,d2d4,b7b6,5040
1600,d2d4,b8a6,33
1600,d2d4,b8c6,1166
1600,d2d4,c7c5,10056
1600,d2d4,c7c6,6909
1600,d2d4,d7d5,70126
1600,d2d4,d7d6,7448
1600,d2d4,e7e5,5180
1600,d2d4,e7e6,22372
1600,d2d4,f7f5,4086
1600,d2d4,f7f6,300
1600,d2d4,g7g5,69
1600,d2d4,g7g6,10160
1600,d2d4,g8f6,38940
1600,d2d4,g8h6,7
1600,d2d4,h7h5,361
1600,d2d4,h7h6,183
1600,e2e3,,99
1600,e2e3,a7a5,32
1600,e2e3,a7a6,54
1600,e2e3,b7b5,15
1600,e2e3,b7b6,648
1600,e2e3,b8a6,2
1600,e2e3,b8c6,170
1600,e2e3,c7c5,2021
1600,e2e3,c7c6,763
1600,e2e3,d7d5,3367
1600,e2e3,d7d6,723
1600,e2e3,e7e5,3720
1600,e2e3,e7e6,1956
1600,e2e3,f7f5,121
1600,e2e3,f7f6,46
1600,e2e3,g7g5,9
1600,e2e3,g7g6,1069
1600,e2e3,g8f6,971
1600,e2e3,g8h6,1
1600,e2e3,h7h5,34
1600,e2e3,h7h6,36
1600,e2e4,,2615
1600,e2e4,a7a5,408
1600,e2e4,a7a6,1014
1600,e2e4,b7b5,174
1600,e2e4,b7b6,10936
1600,e2e4,b8a6,42
1600,e2e4,b8c6,5376
1600,e2e4,c7c5,89081
1600,e2e4,c7c6,25435
1600,e2e4,d7d5,36126
1600,e2e4,d7d6,15249
1600,e2e4,e7e5,124916
1600,e2e4,e7e6,55796
1600,e2e4,f7f5,719
1600,e2e4,f7f6,355
1600,e2e4,g7g5,258
1600,e2e4,g7g6,14957
1600,e2e4,g8f6,8953
1600,e2e4,g8h6,26
1600,e2e4,h7h5,645
1600,e2e4,h7h6,317
1600,f2f3,,5
1600,f2f3,a7a5,1
1600,f2f3,a7a6,5
1600,f2f3,b7b5,4
1600,f2f3,b7b6,60
1600,f2f3,b8c6,17
1600,f2f3,c7c5,145
1600,f2f3,c7c6,83
1600,f2f3,d7d5,367
1600,f2f3,d7d6,65
1600,f2f3,e7e5,268
1600,f2f3,e7e6,163
1600,f2f3,f7f5,21
1600,f2f3,f7f6,14
1600,f2f3,g7g5,6
1600,f2f3,g7g6,98
1600,f2f3,g8f6,68
1600,f2f3,h7h5,5
1600,f2f4,,91
1600,f2f4,a7a5,9
1600,f2f4,a7a6,20
1600,f2f4,b7b5,12
1600,f2f4,b7b6,366
1600,f2f4,b8c6,335
1600,f2f4,c7c5,1080
1600,f2f4,c7c6,392
1600,f2f4,d7d5,3453
1600,f2f4,d7d6,504
1600,f2f4,e7e5,979
1600,f2f4,e7e6,1291
1600,f2f4,f7f5,271
1600,f2f4,f7f6,19
1600,f2f4,g7g5,36
1600,f2f4,g7g6,559
1600,f2f4,g8f6,608
1600,f2f4,g8h6,4
1600,f2f4,h7h5,21
1600,f2f4,h7h6,18
1600,g1f3,,216
1600,g1f3,a7a5,43
1600,g1f3,a7a6,68
1600,g1f3,b7b5,34
1600,g1f3,b7b6,969
1600,g1f3,b8a6,5
1600,g1f3,b8c6,1366
1600,g1f3,c7c5,2690
1600,g1f3,c7c6,1129
1600,g1f3,d7d5,7500
1600,g1f3,d7d6,1455
1600,g1f3,e7e5,618
1600,g1f3,e7e6,2974
1600,g1f3,f7f5,368
1600,g1f3,f7f6,100
1600,g1f3,g7g5,42
1600,g1f3,g7g6,1463
1600,g1f3,g8f6,3498
1600,g1f3,g8h6,4
1600,g1f3,h7h5,52
1600,g1f3,h7h6,50
1600,g1h3,,1
1600,g1h3,b7b6,1
1600,g1h3,b8c6,2
1600,g1h3,c7c5,1
1600,g1h3,c7c6,3
1600,g1h3,d7d5,33
1600,g1h3,d7d6,7
1600,g1h3,e7e5,17
1600,g1h3,e7e6,8
1600,g1h3,f7f6,1
1600,g1h3,g7g6,9
1600,g1h3,g8f6,4
1600,g2g3,,89
1600,g2g3,a7a5,20
1600,g2g3,a7a6,71
1600,g2g3,b7b5,6
1600,g2g3,b7b6,639
1600,g2g3,b8a6,2
1600,g2g3,b8c6,250
1600,g2g3,c7c5,1401
1600,g2g3,c7c6,1218
1600,g2g3,d7d5,4348
1600,g2g3,d7d6,635
1600,g2g3,e7e5,2160
1600,g2g3,e7e6,1735
1600,g2g3,f7f5,123
1600,g2g3,f7f6,35
1600,g2g3,g7g5,18
1600,g2g3,g7g6,1333
1600,g2g3,g8f6,1042
1600,g2g3,g8h6,2
1600,g2g3,h7h5,147
1600,g2g3,h7h6,41
1600,g2g4,,9
1600,g2g4,a7a5,1
1600,g2g4,a7a6,4
1600,g2g4,b7b5,3
1600,g2g4,b7b6,74
1600,g2g4,b8c6,46
1600,g2g4,c7c5,132
1600,g2g4,c7c6,72
1600,g2g4,d7d5,784
1600,g2g4,d7d6,106
1600,g2g4,e7e5,336
1600,g2g4,e7e6,172
1600,g2g4,f7f5,12
1600,g2g4,f7f6,3
1600,g2g4,g7g5,7
1600,g2g4,g7g6,113
1600,g2g4,g8f6,41
1600,g2g4,h7h5,19
1600,g2g4,h7h6,6
1600,h2h3,,1
1600,h2h3,a7a5,2
1600,h2h3,a7a6,1
1600,h2h3,b7b6,16
1600,h2h3,b8c6,3
1600,h2h3,c7c5,24
1600,h2h3,c7c6,16
1600,h2h3,d7d5,95
1600,h2h3,d7d6,17
1600,h2h3,e7e5,80
1600,h2h3,e7e6,31
1600,h2h3,f7f5,5
1600,h2h3,f7f6,1
1600,h2h3,g7g5,1
1600,h2h3,g7g6,25
1600,h2h3,g8f6,14
1600,h2h3,h7h5,1
1600,h2h3,h7h6,4
1600,h2h4,,4
1600,h2h4,a7a5,3
1600,h2h4,a7a6,6
1600,h2h4,b7b5,2
1600,h2h4,b7b6,53
1600,h2h4,b8c6,21
1600,h2h4,c7c5,79
1600,h2h4,c7c6,46
1600,h2h4,d7d5,259
1600,h2h4,d7d6,47
1600,h2h4,e7e5,172
1600,h2h4,e7e6,106
1600,h2h4,f7f5,4
1600,h2h4,f7f6,2
1600,h2h4,g7g5,3
1600,h2h4,g7g6,37
1600,h2h4,g8f6,28
1600,h2h4,h7h5,26
1600,h2h4,h7h6,24
1800,,,2236
1800,a2a3,,1
1800,a2a3,a7a5,4
1800,a2a3,a7a6,5
1800,a2a3,b7b5,2
1800,a2a3,b7b6,1
1800,a2a3,c7c5,11
1800,a2a3,c7c6,7
1800,a2a3,d7d5,105
1800,a2a3,d7d6,5
1800,a2a3,e7e5,83
1800,a2a3,e7e6,21
1800,a2a3,f7f5,2
1800,a2a3,g7g5,1
1800,a2a3,g7g6,25
1800,a2a3,g8f6,37
1800,a2a3,h7h5,2
1800,a2a3,h7h6,2
1800,a2a4,a7a5,8
1800,a2a4,a7a6,4
1800,a2a4,b7b5,5
1800,a2a4,b7b6,10
1800,a2a4,b8c6,3
1800,a2a4,c7c5,49
1800,a2a4,c7c6,18
1800,a2a4,d7d5,93
1800,a2a4,d7d6,17
1800,a2a4,e7e5,83
1800,a2a4,e7e6,65
1800,a2a4,f7f5,3
1800,a2a4,g7g5,2
1800,a2a4,g7g6,33
1800,a2a4,g8f6,50
1800,a2a4,h7h5,2
1800,b1a3,b8a6,1
1800,b1a3,d7d5,2
1800,b1a3,d7d6,4
1800,b1a3,e7e5,6
1800,b1a3,e7e6,2
1800,b1a3,g7g6,3
1800,b1a3,g8f6,5
1800,b1c3,,13
1800,b1c3,a7a5,3
1800,b1c3,a7a6,2
1800,b1c3,b7b5,8
1800,b1c3,b7b6,45
1800,b1c3,b8c6,48
1800,b1c3,c7c5,237
1800,b1c3,c7c6,190
1800,b1c3,d7d5,666
1800,b1c3,d7d6,118
1800,b1c3,e7e5,228
1800,b1c3,e7e6,294
1800,b1c3,f7f5,26
1800,b1c3,f7f6,2
1800,b1c3,g7g5,2
1800,b1c3,g7g6,241
1800,b1c3,g8f6,457
1800,b1c3,h7h5,4
1800,b2b3,,19
1800,b2b3,a7a5,69
1800,b2b3,a7a6,4
1800,b2b3,b7b5,31
1800,b2b3,b7b6,191
1800,b2b3,b8a6,1
1800,b2b3,b8c6,58
1800,b2b3,c7c5,659
1800,b2b3,c7c6,394
1800,b2b3,d7d5,1465
1800,b2b3,d7d6,427
1800,b2b3,e7e5,1052
1800,b2b3,e7e6,867
1800,b2b3,f7f5,50
1800,b2b3,f7f6,94
1800,b2b3,g7g5,3
1800,b2b3,g7g6,398
1800,b2b3,g8f6,984
1800,b2b3,g8h6,5
1800,b2b3,h7h5,10
1800,b2b3,h7h6,6
1800,b2b4,,8
1800,b2b4,a7a5,84
1800,b2b4,a7a6,13
1800,b2b4,b7b5,17
1800,b2b4,b7b6,65
1800,b2b4,b8a6,3
1800,b2b4,b8c6,11
1800,b2b4,c7c5,139
1800,b2b4,c7c6,213
1800,b2b4,d7d5,378
1800,b2b4,d7d6,154
1800,b2b4,e7e5,490
1800,b2b4,e7e6,401
1800,b2b4,f7f5,23
1800,b2b4,f7f6,14
1800,b2b4,g7g5,1
1800,b2b4,g7g6,189
1800,b2b4,g8f6,344
1800,b2b4,g8h6,4
1800,b2b4,h7h5,3
1800,b2b4,h7h6,2
1800,c2c3,,11
1800,c2c3,a7a5,3
1800,c2c3,a7a6,1
1800,c2c3,b7b5,7
1800,c2c3,b7b6,38
1800,c2c3,b8c6,17
1800,c2c3,c7c5,166
1800,c2c3,c7c6,106
1800,c2c3,d7d5,376
1800,c2c3,d7d6,83
1800,c2c3,e7e5,203
1800,c2c3,e7e6,177
1800,c2c3,f7f5,15
1800,c2c3,f7f6,5
1800,c2c3,g7g5,3
1800,c2c3,g7g6,155
1800,c2c3,g8f6,207
1800,c2c3,h7h5,4
1800,c2c3,h7h6,1
1800,c2c4,,53
1800,c2c4,a7a5,20
1800,c2c4,a7a6,13
1800,c2c4,b7b5,84
1800,c2c4,b7b6,337
1800,c2c4,b8a6,4
1800,c2c4,b8c6,109
1800,c2c4,c7c5,1928
1800,c2c4,c7c6,1354
1800,c2c4,d7d5,1025
1800,c2c4,d7d6,729
1800,c2c4,e7e5,2886
1800,c2c4,e7e6,2028
1800,c2c4,f7f5,334
1800,c2c4,f7f6,16
1800,c2c4,g7g5,22
1800,c2c4,g7g6,1255
1800,c2c4,g8f6,3211
1800,c2c4,g8h6,1
1800,c2c4,h7h5,23
1800,c2c4,h7h6,21
1800,d2d3,,13
1800,d2d3,a7a5,8
1800,d2d3,a7a6,10
1800,d2d3,b7b5,19
1800,d2d3,b7b6,70
1800,d2d3,b8a6,4
1800,d2d3,b8c6,49
1800,d2d3,c7c5,516
1800,d2d3,c7c6,330
1800,d2d3,d7d5,1299
1800,d2d3,d7d6,266
1800,d2d3,e7e5,379
1800,d2d3,e7e6,568
1800,d2d3,f7f5,42
1800,d2d3,f7f6,8
1800,d2d3,g7g5,3
1800,d2d3,g7g6,406
1800,d2d3,g8f6,581
1800,d2d3,h7h5,4
1800,d2d3,h7h6,13
1800,d2d4,,394
1800,d2d4,a7a5,171
1800,d2d4,a7a6,98
1800,d2d4,b7b5,297
1800,d2d4,b7b6,1727
1800,d2d4,b8a6,16
1800,d2d4,b8c6,632
1800,d2d4,c7c5,7464
1800,d2d4,c7c6,5795
1800,d2d4,d7d5,29094
1800,d2d4,d7d6,4948
1800,d2d4,e7e5,2847
1800,d2d4,e7e6,11070
1800,d2d4,f7f5,2439
1800,d2d4,f7f6,142
1800,d2d4,g7g5,23
1800,d2d4,g7g6,6309
1800,d2d4,g8f6,28352
1800,d2d4,g8h6,3
1800,d2d4,h7h5,86
1800,d2d4,h7h6,173
1800,e2e3,,26
1800,e2e3,a7a5,21
1800,e2e3,a7a6,23
1800,e2e3,b7b5,9
1800,e2e3,b7b6,212
1800,e2e3,b8a6,2
1800,e2e3,b8c6,60
1800,e2e3,c7c5,1163
1800,e2e3,c7c6,575
1800,e2e3,d7d5,1785
1800,e2e3,d7d6,524
1800,e2e3,e7e5,1308
1800,e2e3,e7e6,1223
1800,e2e3,f7f5,56
1800,e2e3,f7f6,9
1800,e2e3,g7g5,22
1800,e2e3,g7g6,752
1800,e2e3,g8f6,716
1800,e2e3,g8h6,2
1800,e2e3,h7h5,19
1800,e2e3,h7h6,19
1800,e2e4,,738
1800,e2e4,a7a5,170
1800,e2e4,a7a6,307
1800,e2e4,b7b5,75
1800,e2e4,b7b6,3053
1800,e2e4,b8a6,24
1800,e2e4,b8c6,2166
1800,e2e4,c7c5,43175
1800,e2e4,c7c6,16416
1800,e2e4,d7d5,16799
1800,e2e4,d7d6,9732
1800,e2e4,e7e5,38496
1800,e2e4,e7e6,25484
1800,e2e4,f7f5,239
1800,e2e4,f7f6,133
1800,e2e4,g7g5,221
1800,e2e4,g7g6,8021
1800,e2e4,g8f6,5771
1800,e2e4,g8h6,13
1800,e2e4,h7h5,169
1800,e2e4,h7h6,149
1800,f2f3,,4
1800,f2f3,a7a5,3
1800,f2f3,a7a6,1
1800,f2f3,b7b5,12
1800,f2f3,b7b6,14
1800,f2f3,b8c6,7
1800,f2f3,c7c5,77
1800,f2f3,c7c6,50
1800,f2f3,d7d5,138
1800,f2f3,d7d6,42
1800,f2f3,e7e5,95
1800,f2f3,e7e6,88
1800,f2f3,f7f5,7
1800,f2f3,f7f6,4
1800,f2f3,g7g5,3
1800,f2f3,g7g6,65
1800,f2f3,g8f6,46
1800,f2f3,g8h6,1
1800,f2f3,h7h5,3
1800,f2f4,,17
1800,f2f4,a7a5,5
1800,f2f4,a7a6,10
1800,f2f4,b7b5,15
1800,f2f4,b7b6,92
1800,f2f4,b8c6,86
1800,f2f4,c7c5,476
1800,f2f4,c7c6,272
1800,f2f4,d7d5,1390
1800,f2f4,d7d6,290
1800,f2f4,e7e5,700
1800,f2f4,e7e6,468
1800,f2f4,f7f5,85
1800,f2f4,f7f6,7
1800,f2f4,g7g5,12
1800,f2f4,g7g6,281
1800,f2f4,g8f6,314
1800,f2f4,g8h6,3
1800,f2f4,h7h5,8
1800,f2f4,h7h6,8
1800,g1f3,,125
1800,g1f3,a7a5,24
1800,g1f3,a7a6,15
1800,g1f3,b7b5,47
1800,g1f3,b7b6,524
1800,g1f3,b8a6,3
1800,g1f3,b8c6,588
1800,g1f3,c7c5,2310
1800,g1f3,c7c6,1318
1800,g1f3,d7d5,5236
1800,g1f3,d7d6,1363
1800,g1f3,e7e5,474
1800,g1f3,e7e6,2519
1800,g1f3,f7f5,301
1800,g1f3,f7f6,36
1800,g1f3,g7g5,51
1800,g1f3,g7g6,1581
1800,g1f3,g8f6,3634
1800,g1f3,g8h6,2
1800,g1f3,h7h5,42
1800,g1f3,h7h6,39
1800,g1h3,,2
1800,g1h3,b7b6,1
1800,g1h3,b8c6,1
1800,g1h3,c7c5,5
1800,g1h3,c7c6,6
1800,g1h3,d7d5,18
1800,g1h3,d7d6,7
1800,g1h3,e7e5,10
1800,g1h3,e7e6,5
1800,g1h3,f7f6,1
1800,g1h3,g7g6,5
1800,g1h3,g8f6,4
1800,g1h3,g8h6,2
1800,g2g3,,40
1800,g2g3,a7a5,17
1800,g2g3,a7a6,7
1800,g2g3,b7b5,25
1800,g2g3,b7b6,202
1800,g2g3,b8a6,5
1800,g2g3,b8c6,138
1800,g2g3,c7c5,933
1800,g2g3,c7c6,826
1800,g2g3,d7d5,2253
1800,g2g3,d7d6,473
1800,g2g3,e7e5,704
1800,g2g3,e7e6,1146
1800,g2g3,f7f5,79
1800,g2g3,f7f6,8
1800,g2g3,g7g5,29
1800,g2g3,g7g6,975
1800,g2g3,g8f6,875
1800,g2g3,g8h6,3
1800,g2g3,h7h5,164
1800,g2g3,h7h6,37
1800,g2g4,,6
1800,g2g4,a7a5,1
1800,g2g4,a7a6,2
1800,g2g4,b7b5,3
1800,g2g4,b7b6,28
1800,g2g4,b8c6,13
1800,g2g4,c7c5,101
1800,g2g4,c7c6,74
1800,g2g4,d7d5,390
1800,g2g4,d7d6,71
1800,g2g4,e7e5,108
1800,g2g4,e7e6,110
1800,g2g4,f7f5,7
1800,g2g4,f7f6,3
1800,g2g4,g7g5,6
1800,g2g4,g7g6,55
1800,g2g4,g8f6,24
1800,g2g4,h7h5,34
1800,g2g4,h7h6,2
1800,h2h3,a7a6,1
1800,h2h3,b7b6,6
1800,h2h3,b8c6,1
1800,h2h3,c7c5,11
1800,h2h3,c7c6,8
1800,h2h3,d7d5,30
1800,h2h3,d7d6,2
1800,h2h3,e7e5,23
1800,h2h3,e7e6,10
1800,h2h3,g7g5,1
1800,h2h3,g7g6,10
1800,h2h3,g8f6,4
1800,h2h4,a7a5,3
1800,h2h4,a7a6,2
1800,h2h4,b7b5,1
1800,h2h4,b7b6,10
1800,h2h4,b8c6,3
1800,h2h4,c7c5,15
1800,h2h4,c7c6,12
1800,h2h4,d7d5,67
1800,h2h4,d7d6,12
1800,h2h4,e7e5,38
1800,h2h4,e7e6,28
1800,h2h4,g7g5,2
1800,h2h4,g7g6,20
1800,h2h4,g8f6,13
1800,h2h4,h7h5,8
1800,h2h4,h7h6,5
2000,,,442
2000,a2a3,a7a6,2
2000,a2a3,c7c5,2
2000,a2a3,c7c6,4
2000,a2a3,d7d5,18
2000,a2a3,d7d6,3
2000,a2a3,e7e5,10
2000,a2a3,e7e6,2
2000,a2a3,g7g6,3
2000,a2a3,g8f6,6
2000,a2a3,h7h6,1
2000,a2a4,a7a5,1
2000,a2a4,a7a6,2
2000,a2a4,b7b6,1
2000,a2a4,b8c6,2
2000,a2a4,c7c5,11
2000,a2a4,c7c6,4
2000,a2a4,d7d5,29
2000,a2a4,d7d6,11
2000,a2a4,e7e5,15
2000,a2a4,e7e6,16
2000,a2a4,g7g6,4
2000,a2a4,g8f6,27
2000,b1a3,e7e5,3
2000,b1a3,e7e6,1
2000,b1a3,g7g6,1
2000,b1c3,,4
2000,b1c3,a7a5,2
2000,b1c3,a7a6,3
2000,b1c3,b7b5,2
2000,b1c3,b7b6,17
2000,b1c3,b8c6,25
2000,b1c3,c7c5,120
2000,b1c3,c7c6,86
2000,b1c3,d7d5,249
2000,b1c3,d7d6,57
2000,b1c3,e7e5,65
2000,b1c3,e7e6,86
2000,b1c3,f7f5,7
2000,b1c3,f7f6,1
2000,b1c3,g7g6,81
2000,b1c3,g8f6,149
2000,b1c3,h7h6,1
2000,b2b3,,6
2000,b2b3,a7a5,44
2000,b2b3,a7a6,5
2000,b2b3,b7b5,7
2000,b2b3,b7b6,67
2000,b2b3,b8a6,1
2000,b2b3,b8c6,57
2000,b2b3,c7c5,255
2000,b2b3,c7c6,217
2000,b2b3,d7d5,677
2000,b2b3,d7d6,175
2000,b2b3,e7e5,347
2000,b2b3,e7e6,210
2000,b2b3,f7f5,13
2000,b2b3,f7f6,13
2000,b2b3,g7g5,1
2000,b2b3,g7g6,159
2000,b2b3,g8f6,528
2000,b2b3,h7h5,4
2000,b2b3,h7h6,2
2000,b2b4,,1
2000,b2b4,a7a5,21
2000,b2b4,a7a6,2
2000,b2b4,b7b5,2
2000,b2b4,b7b6,15
2000,b2b4,b8a6,1
2000,b2b4,b8c6,4
2000,b2b4,c7c5,13
2000,b2b4,c7c6,33
2000,b2b4,d7d5,78
2000,b2b4,d7d6,25
2000,b2b4,e7e5,120
2000,b2b4,e7e6,45
2000,b2b4,f7f5,1
2000,b2b4,g7g6,16
2000,b2b4,g8f6,68
2000,b2b4,g8h6,2
2000,c2c3,a7a5,3
2000,c2c3,a7a6,5
2000,c2c3,b7b5,1
2000,c2c3,b7b6,8
2000,c2c3,b8c6,26
2000,c2c3,c7c5,67
2000,c2c3,c7c6,73
2000,c2c3,d7d5,175
2000,c2c3,d7d6,46
2000,c2c3,e7e5,87
2000,c2c3,e7e6,44
2000,c2c3,f7f5,5
2000,c2c3,g7g5,2
2000,c2c3,g7g6,93
2000,c2c3,g8f6,107
2000,c2c3,h7h5,2
2000,c2c4,,15
2000,c2c4,a7a5,5
2000,c2c4,a7a6,13
2000,c2c4,b7b5,40
2000,c2c4,b7b6,81
2000,c2c4,b8a6,1
2000,c2c4,b8c6,65
2000,c2c4,c7c5,616
2000,c2c4,c7c6,618
2000,c2c4,d7d5,275
2000,c2c4,d7d6,257
2000,c2c4,e7e5,916
2000,c2c4,e7e6,538
2000,c2c4,f7f5,104
2000,c2c4,f7f6,6
2000,c2c4,g7g5,4
2000,c2c4,g7g6,453
2000,c2c4,g8f6,1181
2000,c2c4,h7h5,3
2000,c2c4,h7h6,1
2000,d2d3,,3
2000,d2d3,a7a5,4
2000,d2d3,a7a6,5
2000,d2d3,b7b5,2
2000,d2d3,b7b6,25
2000,d2d3,b8c6,18
2000,d2d3,c7c5,134
2000,d2d3,c7c6,83
2000,d2d3,d7d5,354
2000,d2d3,d7d6,53
2000,d2d3,e7e5,95
2000,d2d3,e7e6,84
2000,d2d3,f7f5,4
2000,d2d3,f7f6,1
2000,d2d3,g7g6,99
2000,d2d3,g8f6,230
2000,d2d4,,52
2000,d2d4,a7a5,36
2000,d2d4,a7a6,46
2000,d2d4,b7b5,43
2000,d2d4,b7b6,330
2000,d2d4,b8a6,4
2000,d2d4,b8c6,474
2000,d2d4,c7c5,2617
2000,d2d4,c7c6,2022
2000,d2d4,d7d5,7082
2000,d2d4,d7d6,1551
2000,d2d4,e7e5,730
2000,d2d4,e7e6,2692
2000,d2d4,f7f5,558
2000,d2d4,f7f6,37
2000,d2d4,g7g5,10
2000,d2d4,g7g6,1876
2000,d2d4,g8f6,10925
2000,d2d4,g8h6,1
2000,d2d4,h7h5,16
2000,d2d4,h7h6,15
2000,e2e3,,7
2000,e2e3,a7a5,5
2000,e2e3,a7a6,8
2000,e2e3,b7b6,52
2000,e2e3,b8a6,2
2000,e2e3,b8c6,48
2000,e2e3,c7c5,331
2000,e2e3,c7c6,259
2000,e2e3,d7d5,533
2000,e2e3,d7d6,155
2000,e2e3,e7e5,311
2000,e2e3,e7e6,226
2000,e2e3,f7f5,10
2000,e2e3,f7f6,7
2000,e2e3,g7g5,1
2000,e2e3,g7g6,232
2000,e2e3,g8f6,333
2000,e2e3,h7h5,1
2000,e2e3,h7h6,1
2000,e2e4,,139
2000,e2e4,a7a5,47
2000,e2e4,a7a6,116
2000,e2e4,b7b5,12
2000,e2e4,b7b6,535
2000,e2e4,b8a6,3
2000,e2e4,b8c6,865
2000,e2e4,c7c5,13622
2000,e2e4,c7c6,5714
2000,e2e4,d7d5,4220
2000,e2e4,d7d6,2754
2000,e2e4,e7e5,7374
2000,e2e4,e7e6,5926
2000,e2e4,f7f5,31
2000,e2e4,f7f6,36
2000,e2e4,g7g5,26
2000,e2e4,g7g6,2292
2000,e2e4,g8f6,2135
2000,e2e4,g8h6,2
2000,e2e4,h7h5,17
2000,e2e4,h7h6,10
2000,f2f3,,2
2000,f2f3,a7a5,1
2000,f2f3,b7b5,1
2000,f2f3,b7b6,2
2000,f2f3,c7c5,8
2000,f2f3,c7c6,11
2000,f2f3,d7d5,31
2000,f2f3,d7d6,11
2000,f2f3,e7e5,20
2000,f2f3,e7e6,13
2000,f2f3,g7g6,13
2000,f2f3,g8f6,15
2000,f2f4,,2
2000,f2f4,a7a5,1
2000,f2f4,a7a6,3
2000,f2f4,b7b6,11
2000,f2f4,b8c6,15
2000,f2f4,c7c5,91
2000,f2f4,c7c6,58
2000,f2f4,d7d5,277
2000,f2f4,d7d6,65
2000,f2f4,e7e5,137
2000,f2f4,e7e6,50
2000,f2f4,f7f5,13
2000,f2f4,f7f6,1
2000,f2f4,g7g5,1
2000,f2f4,g7g6,72
2000,f2f4,g8f6,95
2000,f2f4,g8h6,2
2000,g1f3,,24
2000,g1f3,a7a5,7
2000,g1f3,a7a6,19
2000,g1f3,b7b5,4
2000,g1f3,b7b6,205
2000,g1f3,b8a6,2
2000,g1f3,b8c6,284
2000,g1f3,c7c5,1157
2000,g1f3,c7c6,938
2000,g1f3,d7d5,2231
2000,g1f3,d7d6,674
2000,g1f3,e7e5,205
2000,g1f3,e7e6,846
2000,g1f3,f7f5,102
2000,g1f3,f7f6,10
2000,g1f3,g7g5,45
2000,g1f3,g7g6,896
2000,g1f3,g8f6,2198
2000,g1f3,h7h5,17
2000,g1f3,h7h6,3
2000,g1h3,,1
2000,g1h3,b8c6,1
2000,g1h3,c7c5,3
2000,g1h3,c7c6,1
2000,g1h3,d7d5,4
2000,g1h3,d7d6,3
2000,g1h3,e7e6,1
2000,g1h3,g7g6,1
2000,g1h3,g8f6,2
2000,g1h3,h7h6,1
2000,g2g3,,9
2000,g2g3,a7a5,6
2000,g2g3,a7a6,8
2000,g2g3,b7b5,2
2000,g2g3,b7b6,29
2000,g2g3,b8a6,1
2000,g2g3,b8c6,66
2000,g2g3,c7c5,236
2000,g2g3,c7c6,374
2000,g2g3,d7d5,799
2000,g2g3,d7d6,191
2000,g2g3,e7e5,176
2000,g2g3,e7e6,243
2000,g2g3,f7f5,22
2000,g2g3,f7f6,4
2000,g2g3,g7g5,1
2000,g2g3,g7g6,318
2000,g2g3,g8f6,393
2000,g2g3,h7h5,79
2000,g2g4,,2
2000,g2g4,b8c6,2
2000,g2g4,c7c5,12
2000,g2g4,c7c6,12
2000,g2g4,d7d5,67
2000,g2g4,d7d6,18
2000,g2g4,e7e5,15
2000,g2g4,e7e6,7
2000,g2g4,f7f5,2
2000,g2g4,f7f6,2
2000,g2g4,g7g5,1
2000,g2g4,g7g6,9
2000,g2g4,g8f6,6
2000,g2g4,h7h5,6
2000,h2h3,a7a6,1
2000,h2h3,b7b5,1
2000,h2h3,b7b6,1
2000,h2h3,c7c5,2
2000,h2h3,c7c6,2
2000,h2h3,d7d5,8
2000,h2h3,d7d6,4
2000,h2h3,e7e5,7
2000,h2h3,e7e6,1
2000,h2h3,f7f6,1
2000,h2h3,g7g6,2
2000,h2h3,g8f6,4
2000,h2h3,h7h5,1
2000,h2h4,b7b6,2
2000,h2h4,b8c6,2
2000,h2h4,c7c5,10
2000,h2h4,c7c6,11
2000,h2h4,d7d5,24
2000,h2h4,d7d6,2
2000,h2h4,e7e5,9
2000,h2h4,e7e6,7
2000,h2h4,f7f6,1
2000,h2h4,g7g6,8
2000,h2h4,g8f6,8
2000,h2h4,h7h5,4
2200,,,48
2200,a2a3,d7d5,2
2200,a2a3,e7e6,1
2200,a2a3,f7f6,1
2200,a2a3,g7g6,1
2200,a2a3,g8f6,2
2200,a2a4,a7a5,1
2200,a2a4,b7b6,1
2200,a2a4,c7c5,1
2200,a2a4,c7c6,3
2200,a2a4,d7d5,3
2200,a2a4,e7e5,1
2200,a2a4,e7e6,1
2200,a2a4,f7f6,1
2200,a2a4,g8f6,3
2200,b1c3,b7b6,6
2200,b1c3,b8c6,7
2200,b1c3,c7c5,22
2200,b1c3,c7c6,19
2200,b1c3,d7d5,32
2200,b1c3,d7d6,8
2200,b1c3,e7e5,2
2200,b1c3,e7e6,14
2200,b1c3,f7f5,4
2200,b1c3,g7g5,1
2200,b1c3,g7g6,19
2200,b1c3,g8f6,26
2200,b2b3,,1
2200,b2b3,a7a5,22
2200,b2b3,b7b5,4
2200,b2b3,b7b6,46
2200,b2b3,b8c6,23
2200,b2b3,c7c5,64
2200,b2b3,c7c6,85
2200,b2b3,d7d5,178
2200,b2b3,d7d6,64
2200,b2b3,e7e5,127
2200,b2b3,e7e6,80
2200,b2b3,f7f5,4
2200,b2b3,f7f6,1
2200,b2b3,g7g6,50
2200,b2b3,g8f6,136
2200,b2b3,h7h5,4
2200,b2b4,a7a5,7
2200,b2b4,b7b5,2
2200,b2b4,b7b6,3
2200,b2b4,b8c6,1
2200,b2b4,c7c5,7
2200,b2b4,c7c6,15
2200,b2b4,d7d5,14
2200,b2b4,d7d6,8
2200,b2b4,e7e5,22
2200,b2b4,e7e6,8
2200,b2b4,f7f5,1
2200,b2b4,g7g6,4
2200,b2b4,g8f6,21
2200,c2c3,b7b6,7
2200,c2c3,c7c5,8
2200,c2c3,c7c6,12
2200,c2c3,d7d5,10
2200,c2c3,d7d6,3
2200,c2c3,e7e5,4
2200,c2c3,e7e6,7
2200,c2c3,f7f5,2
2200,c2c3,f7f6,2
2200,c2c3,g7g6,9
2200,c2c3,g8f6,14
2200,c2c4,a7a5,1
2200,c2c4,a7a6,1
2200,c2c4,b7b5,13
2200,c2c4,b7b6,18
2200,c2c4,b8c6,13
2200,c2c4,c7c5,120
2200,c2c4,c7c6,87
2200,c2c4,d7d5,58
2200,c2c4,d7d6,27
2200,c2c4,e7e5,131
2200,c2c4,e7e6,101
2200,c2c4,f7f5,14
2200,c2c4,g7g6,78
2200,c2c4,g8f6,228
2200,c2c4,h7h5,1
2200,d2d3,b7b6,19
2200,d2d3,b8c6,16
2200,d2d3,c7c5,19
2200,d2d3,c7c6,16
2200,d2d3,d7d5,82
2200,d2d3,d7d6,20
2200,d2d3,e7e5,22
2200,d2d3,e7e6,22
2200,d2d3,f7f5,1
2200,d2d3,g7g6,22
2200,d2d3,g8f6,65
2200,d2d3,h7h5,1
2200,d2d4,,8
2200,d2d4,a7a5,5
2200,d2d4,a7a6,2
2200,d2d4,b7b5,13
2200,d2d4,b7b6,80
2200,d2d4,b8a6,2
2200,d2d4,b8c6,243
2200,d2d4,c7c5,725
2200,d2d4,c7c6,426
2200,d2d4,d7d5,1278
2200,d2d4,d7d6,277
2200,d2d4,e7e5,261
2200,d2d4,e7e6,600
2200,d2d4,f7f5,86
2200,d2d4,f7f6,5
2200,d2d4,g7g5,3
2200,d2d4,g7g6,455
2200,d2d4,g8f6,2466
2200,d2d4,h7h5,4
2200,d2d4,h7h6,3
2200,e2e3,,1
2200,e2e3,a7a5,2
2200,e2e3,a7a6,3
2200,e2e3,b7b6,29
2200,e2e3,b8c6,17
2200,e2e3,c7c5,66
2200,e2e3,c7c6,52
2200,e2e3,d7d5,77
2200,e2e3,d7d6,20
2200,e2e3,e7e5,50
2200,e2e3,e7e6,48
2200,e2e3,f7f5,2
2200,e2e3,g7g6,43
2200,e2e3,g8f6,73
2200,e2e4,,13
2200,e2e4,a7a5,4
2200,e2e4,a7a6,17
2200,e2e4,b7b5,2
2200,e2e4,b7b6,107
2200,e2e4,b8a6,1
2200,e2e4,b8c6,220
2200,e2e4,c7c5,2504
2200,e2e4,c7c6,1102
2200,e2e4,d7d5,883
2200,e2e4,d7d6,423
2200,e2e4,e7e5,968
2200,e2e4,e7e6,1217
2200,e2e4,f7f5,5
2200,e2e4,f7f6,13
2200,e2e4,g7g5,10
2200,e2e4,g7g6,542
2200,e2e4,g8f6,637
2200,e2e4,h7h5,7
2200,e2e4,h7h6,1
2200,f2f3,a7a5,1
2200,f2f3,b7b6,2
2200,f2f3,b8c6,3
2200,f2f3,c7c5,2
2200,f2f3,c7c6,4
2200,f2f3,d7d5,16
2200,f2f3,d7d6,3
2200,f2f3,e7e5,6
2200,f2f3,e7e6,4
2200,f2f3,g7g6,3
2200,f2f3,g8f6,6
2200,f2f4,b7b5,2
2200,f2f4,b7b6,1
2200,f2f4,b8c6,5
2200,f2f4,c7c5,11
2200,f2f4,c7c6,3
2200,f2f4,d7d5,25
2200,f2f4,d7d6,8
2200,f2f4,e7e5,24
2200,f2f4,e7e6,3
2200,f2f4,f7f5,2
2200,f2f4,g7g6,10
2200,f2f4,g8f6,14
2200,f2f4,g8h6,2
2200,g1f3,,9
2200,g1f3,a7a5,3
2200,g1f3,a7a6,2
2200,g1f3,b7b5,5
2200,g1f3,b7b6,53
2200,g1f3,b8c6,82
2200,g1f3,c7c5,299
2200,g1f3,c7c6,249
2200,g1f3,d7d5,563
2200,g1f3,d7d6,193
2200,g1f3,e7e5,57
2200,g1f3,e7e6,209
2200,g1f3,f7f5,36
2200,g1f3,f7f6,1
2200,g1f3,g7g5,52
2200,g1f3,g7g6,233
2200,g1f3,g8f6,603
2200,g1f3,h7h5,5
2200,g1f3,h7h6,1
2200,g1h3,d7d5,3
2200,g1h3,g7g6,1
2200,g2g3,,1
2200,g2g3,b7b5,3
2200,g2g3,b7b6,11
2200,g2g3,b8c6,18
2200,g2g3,c7c5,61
2200,g2g3,c7c6,53
2200,g2g3,d7d5,167
2200,g2g3,d7d6,38
2200,g2g3,e7e5,29
2200,g2g3,e7e6,43
2200,g2g3,f7f5,3
2200,g2g3,f7f6,3
2200,g2g3,g7g6,83
2200,g2g3,g8f6,74
2200,g2g3,h7h5,28
2200,g2g4,,2
2200,g2g4,b7b6,1
2200,g2g4,b8c6,2
2200,g2g4,c7c5,1
2200,g2g4,c7c6,4
2200,g2g4,d7d5,8
2200,g2g4,d7d6,3
2200,g2g4,e7e5,3
2200,g2g4,e7e6,3
2200,g2g4,g8f6,2
2200,g2g4,h7h5,1
2200,h2h3,c7c5,2
2200,h2h3,e7e5,2
2200,h2h3,f7f5,1
2200,h2h3,g7g6,1
2200,h2h3,g8f6,1
2200,h2h4,b8c6,1
2200,h2h4,c7c5,3
2200,h2h4,c7c6,1
2200,h2h4,d7d5,10
2200,h2h4,d7d6,4
2200,h2h4,e7e5,5
2200,h2h4,e7e6,2
2200,h2h4,g7g6,3
2200,h2h4,g8f6,4
2200,h2h4,h7h6,3
2400,,,4
2400,a2a3,e7e5,1
2400,a2a4,d7d5,1
2400,a2a4,g8f6,1
2400,b1a3,e7e5,1
2400,b1c3,b8c6,1
2400,b1c3,d7d5,1
2400,b1c3,g7g6,2
2400,b1c3,g8f6,2
2400,b2b3,a7a5,1
2400,b2b3,b7b5,5
2400,b2b3,b7b6,5
2400,b2b3,b8c6,5
2400,b2b3,c7c5,4
2400,b2b3,c7c6,3
2400,b2b3,d7d5,3
2400,b2b3,d7d6,12
2400,b2b3,e7e5,8
2400,b2b3,e7e6,3
2400,b2b3,g7g6,2
2400,b2b3,g8f6,6
2400,b2b4,a7a5,2
2400,b2b4,b7b6,2
2400,b2b4,c7c5,2
2400,b2b4,c7c6,5
2400,b2b4,d7d5,1
2400,b2b4,d7d6,1
2400,b2b4,e7e5,4
2400,b2b4,e7e6,7
2400,b2b4,g7g6,13
2400,b2b4,g8f6,13
2400,c2c3,b7b6,3
2400,c2c3,g8f6,1
2400,c2c4,a7a5,1
2400,c2c4,b8c6,1
2400,c2c4,c7c5,11
2400,c2c4,c7c6,11
2400,c2c4,d7d6,4
2400,c2c4,e7e5,1
2400,c2c4,e7e6,3
2400,c2c4,g7g6,21
2400,c2c4,g8f6,6
2400,d2d3,b7b5,1
2400,d2d3,b7b6,2
2400,d2d3,c7c5,2
2400,d2d3,d7d5,8
2400,d2d3,e7e6,1
2400,d2d3,g7g6,4
2400,d2d3,g8f6,4
2400,d2d4,,1
2400,d2d4,b7b5,19
2400,d2d4,b7b6,21
2400,d2d4,b8a6,1
2400,d2d4,b8c6,24
2400,d2d4,c7c5,59
2400,d2d4,c7c6,11
2400,d2d4,d7d5,69
2400,d2d4,d7d6,27
2400,d2d4,e7e5,19
2400,d2d4,e7e6,54
2400,d2d4,g7g5,1
2400,d2d4,g7g6,90
2400,d2d4,g8f6,167
2400,d2d4,h7h5,1
2400,d2d4,h7h6,1
2400,e2e3,a7a6,3
2400,e2e3,b8c6,2
2400,e2e3,c7c5,2
2400,e2e3,d7d5,3
2400,e2e3,d7d6,1
2400,e2e3,e7e5,7
2400,e2e3,e7e6,6
2400,e2e3,g7g6,5
2400,e2e3,g8f6,1
2400,e2e4,,1
2400,e2e4,a7a5,1
2400,e2e4,a7a6,18
2400,e2e4,b7b6,15
2400,e2e4,b8c6,20
2400,e2e4,c7c5,99
2400,e2e4,c7c6,32
2400,e2e4,d7d5,51
2400,e2e4,d7d6,40
2400,e2e4,e7e5,40
2400,e2e4,e7e6,45
2400,e2e4,g7g5,1
2400,e2e4,g7g6,79
2400,e2e4,g8f6,8
2400,f2f4,d7d5,1
2400,f2f4,d7d6,1
2400,f2f4,g7g6,1
2400,g1f3,a7a6,1
2400,g1f3,b7b5,8
2400,g1f3,b7b6,21
2400,g1f3,b8c6,8
2400,g1f3,c7c5,46
2400,g1f3,c7c6,40
2400,g1f3,d7d5,102
2400,g1f3,d7d6,27
2400,g1f3,e7e5,15
2400,g1f3,e7e6,37
2400,g1f3,f7f5,3
2400,g1f3,g7g5,9
2400,g1f3,g7g6,58
2400,g1f3,g8f6,116
2400,g2g3,,1
2400,g2g3,b7b5,1
2400,g2g3,b7b6,1
2400,g2g3,b8c6,1
2400,g2g3,c7c5,3
2400,g2g3,c7c6,4
2400,g2g3,d7d5,13
2400,g2g3,d7d6,5
2400,g2g3,e7e5,3
2400,g2g3,e7e6,5
2400,g2g3,g7g6,15
2400,g2g3,g8f6,6
2400,g2g3,h7h5,4
2400,g2g4,c7c5,1
2400,g2g4,d7d5,2
2400,g2g4,d7d6,1
2400,g2g4,g7g6,1
2400,g2g4,h7h5,1
2400,h2h4,g7g6,2
2400,h2h4,h7h5,1
2600,b1c3,g8f6,1
2600,b2b3,b7b6,2
2600,b2b3,b8c6,1
2600,b2b3,c7c5,1
2600,b2b3,d7d5,2
2600,b2b3,e7e5,4
2600,b2b3,g7g6,4
2600,b2b3,g8f6,2
2600,c2c4,c7c5,1
2600,c2c4,g7g6,2
2600,c2c4,g8f6,2
2600,d2d3,g7g6,2
2600,d2d3,g8f6,1
2600,d2d4,b8c6,1
2600,d2d4,c7c5,1
2600,d2d4,d7d5,3
2600,d2d4,g7g6,20
2600,d2d4,g8f6,20
2600,e2e3,g7g6,1
2600,e2e3,g8f6,2
2600,e2e4,b7b6,2
2600,e2e4,c7c5,5
2600,e2e4,d7d6,2
2600,e2e4,e7e5,1
2600,e2e4,e7e6,4
2600,e2e4,g7g6,5
2600,g1f3,b7b6,6
2600,g1f3,b8c6,4
2600,g1f3,c7c5,3
2600,g1f3,d7d5,4
2600,g1f3,d7d6,2
2600,g1f3,e7e5,3
2600,g1f3,e7e6,6
2600,g1f3,g7g6,11
2600,g1f3,g8f6,17
2600,g2g3,b7b6,1
2600,g2g3,d7d5,2
2600,g2g3,e7e6,1
