avgrating,nummoves,numgames
800,0,3
800,1,1
800,2,62
800,3,21
800,4,13
800,5,10
800,6,19
800,7,33
800,8,14
800,9,27
800,10,19
800,11,30
800,12,26
800,13,30
800,14,26
800,15,31
800,16,31
800,17,28
800,18,35
800,19,40
800,20,43
800,21,44
800,22,43
800,23,38
800,24,30
800,25,37
800,26,39
800,27,29
800,28,53
800,29,40
800,30,33
800,31,50
800,32,35
800,33,48
800,34,39
800,35,41
800,36,45
800,37,38
800,38,38
800,39,44
800,40,36
800,41,46
800,42,46
800,43,55
800,44,35
800,45,42
800,46,54
800,47,45
800,48,42
800,49,41
800,50,55
800,51,52
800,52,35
800,53,38
800,54,47
800,55,51
800,56,37
800,57,46
800,58,37
800,59,32
800,60,38
800,61,37
800,62,33
800,63,41
800,64,41
800,65,37
800,66,38
800,67,25
800,68,26
800,69,28
800,70,36
800,71,22
800,72,25
800,73,32
800,74,26
800,75,28
800,76,31
800,77,25
800,78,30
800,79,21
800,80,24
800,81,10
800,82,21
800,83,20
800,84,21
800,85,19
800,86,17
800,87,9
800,88,18
800,89,21
800,90,14
800,91,13
800,92,14
800,93,19
800,94,13
800,95,17
800,96,16
800,97,7
800,98,6
800,99,10
800,100,8
800,101,5
800,102,14
800,103,11
800,104,7
800,105,8
800,106,5
800,107,8
800,108,10
800,109,10
800,110,6
800,111,4
800,112,9
800,113,5
800,114,5
800,115,2
800,116,4
800,117,9
800,118,5
800,119,5
800,120,3
800,121,6
800,122,9
800,123,6
800,124,3
800,125,5
800,126,3
800,127,4
800,128,3
800,129,7
800,130,3
800,131,7
800,132,3
800,133,1
800,135,1
800,136,5
800,137,1
800,138,1
800,139,1
800,140,2
800,141,2
800,142,3
800,143,3
800,144,2
800,145,3
800,148,3
800,152,1
800,153,3
800,154,1
800,155,4
800,158,1
800,160,2
800,162,1
800,165,1
800,168,1
800,170,1
800,171,1
800,178,1
800,181,1
800,182,1
800,192,2
800,225,1
1000,0,274
1000,1,135
1000,2,610
1000,3,197
1000,4,151
1000,5,166
1000,6,171
1000,7,412
1000,8,261
1000,9,445
1000,10,325
1000,11,442
1000,12,383
1000,13,521
1000,14,465
1000,15,556
1000,16,454
1000,17,582
1000,18,506
1000,19,604
1000,20,509
1000,21,643
1000,22,579
1000,23,643
1000,24,607
1000,25,694
1000,26,655
1000,27,734
1000,28,666
1000,29,787
1000,30,758
1000,31,886
1000,32,707
1000,33,866
1000,34,806
1000,35,871
1000,36,788
1000,37,933
1000,38,904
1000,39,928
1000,40,930
1000,41,972
1000,42,917
1000,43,979
1000,44,991
1000,45,1026
1000,46,975
1000,47,1036
1000,48,991
1000,49,1007
1000,50,1010
1000,51,975
1000,52,903
1000,53,959
1000,54,910
1000,55,939
1000,56,884
1000,57,856
1000,58,922
1000,59,860
1000,60,773
1000,61,768
1000,62,740
1000,63,749
1000,64,778
1000,65,718
1000,66,673
1000,67,638
1000,68,659
1000,69,604
1000,70,575
1000,71,639
1000,72,533
1000,73,507
1000,74,516
1000,75,500
1000,76,473
1000,77,485
1000,78,444
1000,79,451
1000,80,407
1000,81,358
1000,82,360
1000,83,339
1000,84,315
1000,85,357
1000,86,340
1000,87,323
1000,88,305
1000,89,297
1000,90,265
1000,91,280
1000,92,276
1000,93,248
1000,94,250
1000,95,242
1000,96,248
1000,97,225
1000,98,195
1000,99,211
1000,100,188
1000,101,186
1000,102,206
1000,103,175
1000,104,159
1000,105,184
1000,106,164
1000,107,147
1000,108,167
1000,109,145
1000,110,133
1000,111,143
1000,112,138
1000,113,115
1000,114,111
1000,115,108
1000,116,105
1000,117,116
1000,118,114
1000,119,100
1000,120,89
1000,121,93
1000,122,100
1000,123,86
1000,124,81
1000,125,83
1000,126,87
1000,127,71
1000,128,77
1000,129,61
1000,130,62
1000,131,59
1000,132,54
1000,133,63
1000,134,62
1000,135,55
1000,136,50
1000,137,43
1000,138,49
1000,139,42
1000,140,48
1000,141,29
1000,142,39
1000,143,31
1000,144,29
1000,145,40
1000,146,27
1000,147,21
1000,148,22
1000,149,25
1000,150,21
1000,151,18
1000,152,27
1000,153,18
1000,154,15
1000,155,17
1000,156,11
1000,157,21
1000,158,12
1000,159,9
1000,160,10
1000,161,6
1000,162,8
1000,163,8
1000,164,16
1000,165,10
1000,166,9
1000,167,11
1000,168,5
1000,169,7
1000,170,8
1000,171,5
1000,172,6
1000,173,4
1000,174,3
1000,175,2
1000,176,6
1000,177,2
1000,178,7
1000,179,6
1000,180,4
1000,181,3
1000,182,2
1000,183,4
1000,184,2
1000,185,6
1000,186,4
1000,187,1
1000,188,2
1000,189,5
1000,190,2
1000,192,4
1000,193,1
1000,194,3
1000,195,3
1000,196,4
1000,197,1
1000,198,4
1000,199,3
1000,200,3
1000,201,1
1000,202,1
1000,203,2
1000,204,3
1000,205,3
1000,206,2
1000,210,1
1000,212,1
1000,213,1
1000,214,2
1000,216,2
1000,218,2
1000,220,1
1000,221,3
1000,224,1
1000,227,1
1000,229,1
1000,238,1
1000,239,1
1000,240,1
1000,246,1
1000,247,1
1000,257,1
1000,278,1
1000,279,1
1000,283,1
1200,0,2597
1200,1,1479
1200,2,1967
1200,3,801
1200,4,528
1200,5,607
1200,6,536
1200,7,1077
1200,8,724
1200,9,1208
1200,10,975
1200,11,1396
1200,12,1223
1200,13,1800
1200,14,1290
1200,15,1992
1200,16,1543
1200,17,2144
1200,18,1678
1200,19,2327
1200,20,1915
1200,21,2466
1200,22,2136
1200,23,2574
1200,24,2291
1200,25,2980
1200,26,2545
1200,27,3195
1200,28,2712
1200,29,3409
1200,30,3024
1200,31,3552
1200,32,3154
1200,33,3758
1200,34,3465
1200,35,3941
1200,36,3821
1200,37,4344
1200,38,4075
1200,39,4557
1200,40,4249
1200,41,4708
1200,42,4439
1200,43,4980
1200,44,4764
1200,45,5129
1200,46,4952
1200,47,5222
1200,48,5014
1200,49,5345
1200,50,5106
1200,51,5396
1200,52,5139
1200,53,5201
1200,54,5156
1200,55,5216
1200,56,5141
1200,57,5010
1200,58,4915
1200,59,4855
1200,60,4677
1200,61,4643
1200,62,4436
1200,63,4293
1200,64,4164
1200,65,4108
1200,66,3988
1200,67,3954
1200,68,3789
1200,69,3701
1200,70,3448
1200,71,3439
1200,72,3302
1200,73,3084
1200,74,3039
1200,75,3016
1200,76,2795
1200,77,2848
1200,78,2683
1200,79,2556
1200,80,2499
1200,81,2342
1200,82,2350
1200,83,2207
1200,84,2136
1200,85,2150
1200,86,2023
1200,87,1894
1200,88,1871
1200,89,1802
1200,90,1773
1200,91,1727
1200,92,1663
1200,93,1622
1200,94,1540
1200,95,1474
1200,96,1456
1200,97,1415
1200,98,1440
1200,99,1298
1200,100,1245
1200,101,1156
1200,102,1234
1200,103,1141
1200,104,1172
1200,105,1042
1200,106,1057
1200,107,939
1200,108,992
1200,109,922
1200,110,972
1200,111,852
1200,112,821
1200,113,819
1200,114,783
1200,115,814
1200,116,742
1200,117,697
1200,118,690
1200,119,670
1200,120,615
1200,121,613
1200,122,578
1200,123,566
1200,124,579
1200,125,505
1200,126,477
1200,127,502
1200,128,449
1200,129,437
1200,130,445
1200,131,399
1200,132,381
1200,133,339
1200,134,360
1200,135,316
1200,136,286
1200,137,293
1200,138,274
1200,139,264
1200,140,259
1200,141,236
1200,142,222
1200,143,232
1200,144,213
1200,145,193
1200,146,181
1200,147,193
1200,148,188
1200,149,154
1200,150,160
1200,151,144
1200,152,129
1200,153,125
1200,154,126
1200,155,120
1200,156,96
1200,157,84
1200,158,93
1200,159,96
1200,160,70
1200,161,78
1200,162,70
1200,163,76
1200,164,59
1200,165,63
1200,166,76
1200,167,52
1200,168,55
1200,169,62
1200,170,61
1200,171,39
1200,172,40
1200,173,34
1200,174,43
1200,175,42
1200,176,37
1200,177,26
1200,178,40
1200,179,26
1200,180,33
1200,181,24
1200,182,28
1200,183,23
1200,184,24
1200,185,16
1200,186,15
1200,187,26
1200,188,19
1200,189,16
1200,190,17
1200,191,15
1200,192,13
1200,193,10
1200,194,16
1200,195,11
1200,196,13
1200,197,11
1200,198,7
1200,199,13
1200,200,9
1200,201,6
1200,202,8
1200,203,9
1200,204,12
1200,205,8
1200,206,8
1200,207,8
1200,208,9
1200,209,11
1200,210,9
1200,211,10
1200,212,4
1200,213,3
1200,214,4
1200,215,2
1200,216,1
1200,217,4
1200,218,5
1200,219,2
1200,220,2
1200,221,1
1200,222,2
1200,223,3
1200,224,2
1200,225,1
1200,226,2
1200,227,3
1200,228,4
1200,229,4
1200,231,2
1200,232,3
1200,233,1
1200,234,4
1200,235,1
1200,236,2
1200,237,2
1200,239,2
1200,240,2
1200,241,2
1200,243,1
1200,244,1
1200,245,2
1200,247,1
1200,249,3
1200,250,2
1200,253,1
1200,254,1
1200,256,1
1200,257,1
1200,260,1
1200,263,1
1200,266,2
1200,268,1
1200,271,1
1200,272,1
1200,275,1
1200,297,1
1400,0,7143
1400,1,4530
1400,2,3147
1400,3,1415
1400,4,869
1400,5,996
1400,6,849
1400,7,1405
1400,8,1011
1400,9,1488
1400,10,1276
1400,11,1838
1400,12,1576
1400,13,2245
1400,14,1849
1400,15,2636
1400,16,2157
1400,17,3236
1400,18,2517
1400,19,3527
1400,20,2921
1400,21,3794
1400,22,3265
1400,23,4262
1400,24,3683
1400,25,4855
1400,26,4160
1400,27,5422
1400,28,4667
1400,29,5927
1400,30,5246
1400,31,6500
1400,32,5603
1400,33,6938
1400,34,6180
1400,35,7519
1400,36,6677
1400,37,8063
1400,38,7164
1400,39,8528
1400,40,7870
1400,41,9131
1400,42,8469
1400,43,9772
1400,44,8926
1400,45,10157
1400,46,9528
1400,47,10505
1400,48,9953
1400,49,10690
1400,50,10535
1400,51,11323
1400,52,10811
1400,53,11435
1400,54,10936
1400,55,11756
1400,56,11003
1400,57,11609
1400,58,11079
1400,59,11588
1400,60,10791
1400,61,11038
1400,62,10654
1400,63,10821
1400,64,10178
1400,65,10092
1400,66,9799
1400,67,9823
1400,68,9357
1400,69,9474
1400,70,8911
1400,71,8793
1400,72,8420
1400,73,8233
1400,74,7832
1400,75,7818
1400,76,7372
1400,77,7208
1400,78,7043
1400,79,6941
1400,80,6468
1400,81,6337
1400,82,6282
1400,83,5921
1400,84,5662
1400,85,5486
1400,86,5423
1400,87,5256
1400,88,5052
1400,89,4905
1400,90,4615
1400,91,4526
1400,92,4433
1400,93,4191
1400,94,4171
1400,95,4032
1400,96,3855
1400,97,3803
1400,98,3591
1400,99,3485
1400,100,3435
1400,101,3269
1400,102,3208
1400,103,3082
1400,104,2878
1400,105,2829
1400,106,2846
1400,107,2745
1400,108,2601
1400,109,2601
1400,110,2455
1400,111,2311
1400,112,2263
1400,113,2216
1400,114,2096
1400,115,2063
1400,116,1986
1400,117,1801
1400,118,1894
1400,119,1700
1400,120,1775
1400,121,1627
1400,122,1507
1400,123,1477
1400,124,1450
1400,125,1338
1400,126,1351
1400,127,1195
1400,128,1173
1400,129,1225
1400,130,1081
1400,131,996
1400,132,1011
1400,133,947
1400,134,933
1400,135,845
1400,136,804
1400,137,803
1400,138,769
1400,139,701
1400,140,710
1400,141,616
1400,142,586
1400,143,599
1400,144,518
1400,145,479
1400,146,555
1400,147,437
1400,148,436
1400,149,434
1400,150,380
1400,151,369
1400,152,331
1400,153,306
1400,154,347
1400,155,255
1400,156,292
1400,157,200
1400,158,236
1400,159,229
1400,160,231
1400,161,207
1400,162,180
1400,163,165
1400,164,162
1400,165,169
1400,166,147
1400,167,134
1400,168,137
1400,169,140
1400,170,89
1400,171,119
1400,172,91
1400,173,118
1400,174,98
1400,175,95
1400,176,55
1400,177,75
1400,178,71
1400,179,65
1400,180,68
1400,181,48
1400,182,49
1400,183,37
1400,184,44
1400,185,50
1400,186,50
1400,187,42
1400,188,31
1400,189,42
1400,190,31
1400,191,26
1400,192,40
1400,193,38
1400,194,45
1400,195,25
1400,196,30
1400,197,24
1400,198,28
1400,199,16
1400,200,33
1400,201,18
1400,202,14
1400,203,16
1400,204,22
1400,205,12
1400,206,15
1400,207,14
1400,208,15
1400,209,18
1400,210,16
1400,211,11
1400,212,6
1400,213,8
1400,214,8
1400,215,10
1400,216,8
1400,217,10
1400,218,5
1400,219,13
1400,220,4
1400,221,4
1400,222,8
1400,223,6
1400,224,5
1400,225,4
1400,226,6
1400,227,11
1400,228,7
1400,229,5
1400,230,2
1400,231,5
1400,232,2
1400,233,2
1400,234,4
1400,235,3
1400,236,3
1400,237,3
1400,238,1
1400,239,4
1400,240,2
1400,241,3
1400,242,2
1400,243,3
1400,244,2
1400,245,3
1400,246,3
1400,248,4
1400,249,4
1400,250,1
1400,251,3
1400,252,1
1400,253,2
1400,255,4
1400,258,1
1400,261,1
1400,262,1
1400,263,1
1400,264,1
1400,269,1
1400,272,2
1400,273,1
1400,275,1
1400,279,3
1400,280,1
1400,285,2
1400,289,1
1400,292,1
1400,295,2
1400,348,1
1400,415,1
1600,0,7170
1600,1,4711
1600,2,2004
1600,3,834
1600,4,561
1600,5,580
1600,6,544
1600,7,839
1600,8,578
1600,9,873
1600,10,771
1600,11,1030
1600,12,883
1600,13,1236
1600,14,1110
1600,15,1575
1600,16,1334
1600,17,1937
1600,18,1488
1600,19,2030
1600,20,1833
1600,21,2382
1600,22,2088
1600,23,2900
1600,24,2439
1600,25,3320
1600,26,2921
1600,27,3852
1600,28,3330
1600,29,4258
1600,30,3831
1600,31,4985
1600,32,4151
1600,33,5500
1600,34,4652
1600,35,5895
1600,36,5296
1600,37,6650
1600,38,5881
1600,39,6941
1600,40,6257
1600,41,7558
1600,42,6886
1600,43,8209
1600,44,7369
1600,45,8623
1600,46,7899
1600,47,9209
1600,48,8488
1600,49,9612
1600,50,9046
1600,51,10246
1600,52,9623
1600,53,10326
1600,54,9712
1600,55,10748
1600,56,10093
1600,57,10734
1600,58,10302
1600,59,10781
1600,60,10530
1600,61,10884
1600,62,10462
1600,63,10710
1600,64,10368
1600,65,10840
1600,66,10033
1600,67,10074
1600,68,10023
1600,69,9916
1600,70,9506
1600,71,9667
1600,72,9380
1600,73,9128
1600,74,8985
1600,75,8837
1600,76,8437
1600,77,8437
1600,78,8006
1600,79,7845
1600,80,7690
1600,81,7480
1600,82,7380
1600,83,7189
1600,84,6889
1600,85,6755
1600,86,6493
1600,87,6419
1600,88,6156
1600,89,6000
1600,90,5844
1600,91,5601
1600,92,5473
1600,93,5319
1600,94,5230
1600,95,5091
1600,96,4808
1600,97,4796
1600,98,4612
1600,99,4330
1600,100,4307
1600,101,4145
1600,102,4084
1600,103,3763
1600,104,3713
1600,105,3506
1600,106,3463
1600,107,3287
1600,108,3371
1600,109,3177
1600,110,3080
1600,111,3018
1600,112,2947
1600,113,2671
1600,114,2588
1600,115,2488
1600,116,2389
1600,117,2342
1600,118,2298
1600,119,2145
1600,120,2043
1600,121,1949
1600,122,1858
1600,123,1757
1600,124,1747
1600,125,1643
1600,126,1620
1600,127,1445
1600,128,1384
1600,129,1352
1600,130,1277
1600,131,1230
1600,132,1162
1600,133,1119
1600,134,1132
1600,135,1009
1600,136,949
1600,137,922
1600,138,861
1600,139,806
1600,140,772
1600,141,713
1600,142,676
1600,143,582
1600,144,615
1600,145,560
1600,146,541
1600,147,507
1600,148,486
1600,149,436
1600,150,454
1600,151,401
1600,152,425
1600,153,366
1600,154,329
1600,155,323
1600,156,298
1600,157,274
1600,158,268
1600,159,239
1600,160,241
1600,161,225
1600,162,194
1600,163,216
1600,164,179
1600,165,162
1600,166,157
1600,167,135
1600,168,132
1600,169,148
1600,170,122
1600,171,121
1600,172,104
1600,173,106
1600,174,86
1600,175,82
1600,176,89
1600,177,86
1600,178,63
1600,179,59
1600,180,71
1600,181,69
1600,182,45
1600,183,64
1600,184,42
1600,185,53
1600,186,51
1600,187,36
1600,188,35
1600,189,48
1600,190,35
1600,191,24
1600,192,35
1600,193,28
1600,194,27
1600,195,31
1600,196,12
1600,197,20
1600,198,21
1600,199,26
1600,200,33
1600,201,19
1600,202,25
1600,203,15
1600,204,8
1600,205,12
1600,206,16
1600,207,23
1600,208,16
1600,209,12
1600,210,14
1600,211,10
1600,212,9
1600,213,14
1600,214,15
1600,215,5
1600,216,5
1600,217,16
1600,218,6
1600,219,6
1600,220,10
1600,221,2
1600,222,6
1600,223,6
1600,224,5
1600,225,7
1600,226,2
1600,227,5
1600,228,7
1600,229,3
1600,230,3
1600,231,5
1600,232,6
1600,233,2
1600,234,2
1600,235,3
1600,236,1
1600,237,1
1600,238,1
1600,239,5
1600,240,4
1600,241,1
1600,242,2
1600,243,4
1600,244,6
1600,245,1
1600,246,1
1600,247,1
1600,248,2
1600,249,4
1600,251,3
1600,252,2
1600,253,1
1600,254,1
1600,255,3
1600,257,2
1600,258,2
1600,260,1
1600,261,1
1600,265,1
1600,266,2
1600,268,1
1600,272,1
1600,274,1
1600,275,2
1600,276,1
1600,277,1
1600,278,1
1600,283,1
1600,296,1
1800,0,2236
1800,1,1470
1800,2,804
1800,3,329
1800,4,196
1800,5,236
1800,6,203
1800,7,321
1800,8,236
1800,9,339
1800,10,289
1800,11,371
1800,12,312
1800,13,443
1800,14,373
1800,15,528
1800,16,490
1800,17,713
1800,18,577
1800,19,794
1800,20,731
1800,21,880
1800,22,813
1800,23,1121
1800,24,1027
1800,25,1346
1800,26,1133
1800,27,1574
1800,28,1352
1800,29,1819
1800,30,1563
1800,31,2123
1800,32,1796
1800,33,2251
1800,34,2067
1800,35,2566
1800,36,2276
1800,37,2844
1800,38,2500
1800,39,3132
1800,40,2682
1800,41,3421
1800,42,3072
1800,43,3712
1800,44,3226
1800,45,3883
1800,46,3517
1800,47,4050
1800,48,3944
1800,49,4267
1800,50,4023
1800,51,4525
1800,52,4217
1800,53,4770
1800,54,4387
1800,55,4869
1800,56,4556
1800,57,5013
1800,58,4585
1800,59,5071
1800,60,4682
1800,61,5217
1800,62,4848
1800,63,5251
1800,64,4895
1800,65,5182
1800,66,4931
1800,67,5130
1800,68,4718
1800,69,4882
1800,70,4866
1800,71,4884
1800,72,4683
1800,73,4740
1800,74,4364
1800,75,4486
1800,76,4359
1800,77,4333
1800,78,4196
1800,79,4278
1800,80,4085
1800,81,4241
1800,82,3949
1800,83,3892
1800,84,3879
1800,85,3880
1800,86,3719
1800,87,3526
1800,88,3541
1800,89,3328
1800,90,3511
1800,91,3395
1800,92,3246
1800,93,3047
1800,94,3006
1800,95,2981
1800,96,2918
1800,97,2747
1800,98,2830
1800,99,2620
1800,100,2673
1800,101,2536
1800,102,2469
1800,103,2307
1800,104,2269
1800,105,2206
1800,106,2258
1800,107,2155
1800,108,2018
1800,109,1951
1800,110,1847
1800,111,1772
1800,112,1789
1800,113,1720
1800,114,1616
1800,115,1576
1800,116,1556
1800,117,1442
1800,118,1450
1800,119,1352
1800,120,1266
1800,121,1192
1800,122,1206
1800,123,1104
1800,124,1064
1800,125,987
1800,126,972
1800,127,891
1800,128,878
1800,129,817
1800,130,780
1800,131,763
1800,132,676
1800,133,703
1800,134,690
1800,135,624
1800,136,586
1800,137,507
1800,138,525
1800,139,475
1800,140,481
1800,141,427
1800,142,411
1800,143,385
1800,144,343
1800,145,334
1800,146,291
1800,147,325
1800,148,291
1800,149,259
1800,150,242
1800,151,214
1800,152,214
1800,153,182
1800,154,187
1800,155,163
1800,156,159
1800,157,155
1800,158,154
1800,159,141
1800,160,107
1800,161,115
1800,162,119
1800,163,120
1800,164,116
1800,165,76
1800,166,84
1800,167,71
1800,168,71
1800,169,74
1800,170,73
1800,171,73
1800,172,57
1800,173,51
1800,174,53
1800,175,40
1800,176,46
1800,177,37
1800,178,42
1800,179,36
1800,180,40
1800,181,29
1800,182,34
1800,183,31
1800,184,25
1800,185,17
1800,186,21
1800,187,16
1800,188,33
1800,189,22
1800,190,17
1800,191,15
1800,192,13
1800,193,11
1800,194,10
1800,195,15
1800,196,15
1800,197,19
1800,198,14
1800,199,11
1800,200,12
1800,201,7
1800,202,11
1800,203,15
1800,204,5
1800,205,4
1800,206,4
1800,207,6
1800,208,12
1800,209,10
1800,210,6
1800,211,9
1800,212,3
1800,213,8
1800,214,8
1800,215,2
1800,216,4
1800,217,1
1800,218,5
1800,219,5
1800,220,8
1800,221,2
1800,222,1
1800,224,4
1800,225,2
1800,226,2
1800,227,3
1800,229,2
1800,230,3
1800,231,1
1800,233,6
1800,234,4
1800,235,2
1800,236,2
1800,238,3
1800,240,1
1800,241,1
1800,242,2
1800,244,1
1800,245,2
1800,246,1
1800,247,2
1800,249,1
1800,252,5
1800,257,2
1800,258,1
1800,263,2
1800,265,1
1800,266,1
1800,268,1
1800,271,1
1800,275,1
1800,279,1
1800,280,2
1800,284,1
1800,285,1
1800,287,1
1800,289,1
1800,293,1
1800,398,1
2000,0,442
2000,1,267
2000,2,159
2000,3,88
2000,4,53
2000,5,74
2000,6,64
2000,7,87
2000,8,83
2000,9,88
2000,10,79
2000,11,101
2000,12,97
2000,13,101
2000,14,104
2000,15,126
2000,16,117
2000,17,144
2000,18,125
2000,19,215
2000,20,193
2000,21,209
2000,22,221
2000,23,284
2000,24,255
2000,25,340
2000,26,328
2000,27,432
2000,28,381
2000,29,484
2000,30,423
2000,31,531
2000,32,487
2000,33,634
2000,34,541
2000,35,704
2000,36,625
2000,37,790
2000,38,690
2000,39,869
2000,40,761
2000,41,918
2000,42,825
2000,43,993
2000,44,834
2000,45,1076
2000,46,915
2000,47,1120
2000,48,1053
2000,49,1172
2000,50,1084
2000,51,1225
2000,52,1111
2000,53,1296
2000,54,1175
2000,55,1240
2000,56,1215
2000,57,1374
2000,58,1271
2000,59,1361
2000,60,1268
2000,61,1319
2000,62,1219
2000,63,1387
2000,64,1332
2000,65,1351
2000,66,1241
2000,67,1391
2000,68,1263
2000,69,1303
2000,70,1256
2000,71,1364
2000,72,1265
2000,73,1299
2000,74,1220
2000,75,1318
2000,76,1192
2000,77,1254
2000,78,1300
2000,79,1299
2000,80,1201
2000,81,1248
2000,82,1174
2000,83,1213
2000,84,1091
2000,85,1168
2000,86,1118
2000,87,1092
2000,88,1107
2000,89,1077
2000,90,1123
2000,91,1045
2000,92,1002
2000,93,1023
2000,94,1008
2000,95,960
2000,96,937
2000,97,950
2000,98,964
2000,99,925
2000,100,904
2000,101,878
2000,102,854
2000,103,861
2000,104,836
2000,105,823
2000,106,778
2000,107,787
2000,108,737
2000,109,746
2000,110,698
2000,111,762
2000,112,698
2000,113,689
2000,114,639
2000,115,608
2000,116,586
2000,117,578
2000,118,577
2000,119,572
2000,120,530
2000,121,494
2000,122,477
2000,123,471
2000,124,412
2000,125,450
2000,126,372
2000,127,368
2000,128,379
2000,129,302
2000,130,338
2000,131,307
2000,132,287
2000,133,261
2000,134,260
2000,135,241
2000,136,258
2000,137,228
2000,138,204
2000,139,189
2000,140,190
2000,141,194
2000,142,167
2000,143,145
2000,144,132
2000,145,137
2000,146,102
2000,147,139
2000,148,114
2000,149,98
2000,150,90
2000,151,99
2000,152,86
2000,153,81
2000,154,84
2000,155,73
2000,156,64
2000,157,47
2000,158,64
2000,159,56
2000,160,40
2000,161,35
2000,162,36
2000,163,37
2000,164,27
2000,165,31
2000,166,32
2000,167,29
2000,168,26
2000,169,26
2000,170,23
2000,171,17
2000,172,19
2000,173,18
2000,174,14
2000,175,16
2000,176,21
2000,177,13
2000,178,15
2000,179,10
2000,180,12
2000,181,10
2000,182,6
2000,183,12
2000,184,5
2000,185,8
2000,186,14
2000,187,7
2000,188,6
2000,189,7
2000,190,12
2000,191,6
2000,192,7
2000,193,3
2000,194,3
2000,195,2
2000,196,3
2000,197,4
2000,199,2
2000,200,5
2000,201,4
2000,202,5
2000,203,5
2000,204,3
2000,205,1
2000,206,1
2000,207,1
2000,208,1
2000,209,2
2000,210,2
2000,212,2
2000,213,1
2000,214,3
2000,215,2
2000,216,1
2000,218,1
2000,222,2
2000,223,1
2000,224,1
2000,230,4
2000,231,1
2000,232,1
2000,233,1
2000,234,1
2000,235,1
2000,237,1
2000,238,2
2000,241,1
2000,242,2
2000,243,2
2000,247,1
2000,251,1
2000,265,1
2000,276,1
2000,281,1
2000,283,1
2000,345,1
2200,0,48
2200,1,35
2200,2,35
2200,3,13
2200,4,10
2200,5,10
2200,6,12
2200,7,18
2200,8,12
2200,9,10
2200,10,14
2200,11,15
2200,12,10
2200,13,19
2200,14,20
2200,15,21
2200,16,26
2200,17,19
2200,18,17
2200,19,40
2200,20,36
2200,21,38
2200,22,36
2200,23,62
2200,24,41
2200,25,63
2200,26,47
2200,27,64
2200,28,71
2200,29,96
2200,30,79
2200,31,106
2200,32,91
2200,33,118
2200,34,121
2200,35,151
2200,36,107
2200,37,146
2200,38,123
2200,39,178
2200,40,124
2200,41,177
2200,42,159
2200,43,184
2200,44,177
2200,45,221
2200,46,191
2200,47,262
2200,48,196
2200,49,225
2200,50,211
2200,51,238
2200,52,225
2200,53,279
2200,54,230
2200,55,288
2200,56,231
2200,57,281
2200,58,254
2200,59,304
2200,60,257
2200,61,273
2200,62,268
2200,63,267
2200,64,235
2200,65,260
2200,66,241
2200,67,267
2200,68,273
2200,69,259
2200,70,214
2200,71,271
2200,72,279
2200,73,280
2200,74,246
2200,75,228
2200,76,238
2200,77,253
2200,78,244
2200,79,237
2200,80,243
2200,81,249
2200,82,225
2200,83,223
2200,84,242
2200,85,246
2200,86,246
2200,87,221
2200,88,217
2200,89,180
2200,90,240
2200,91,230
2200,92,204
2200,93,206
2200,94,189
2200,95,217
2200,96,206
2200,97,229
2200,98,226
2200,99,198
2200,100,201
2200,101,178
2200,102,208
2200,103,194
2200,104,204
2200,105,181
2200,106,156
2200,107,174
2200,108,190
2200,109,172
2200,110,187
2200,111,165
2200,112,180
2200,113,145
2200,114,147
2200,115,156
2200,116,157
2200,117,136
2200,118,128
2200,119,144
2200,120,136
2200,121,127
2200,122,114
2200,123,94
2200,124,105
2200,125,106
2200,126,87
2200,127,95
2200,128,99
2200,129,84
2200,130,78
2200,131,66
2200,132,85
2200,133,65
2200,134,72
2200,135,66
2200,136,62
2200,137,66
2200,138,59
2200,139,62
2200,140,64
2200,141,53
2200,142,45
2200,143,37
2200,144,39
2200,145,34
2200,146,36
2200,147,33
2200,148,37
2200,149,30
2200,150,22
2200,151,17
2200,152,31
2200,153,19
2200,154,26
2200,155,13
2200,156,18
2200,157,11
2200,158,17
2200,159,14
2200,160,12
2200,161,14
2200,162,15
2200,163,12
2200,164,12
2200,165,12
2200,166,16
2200,167,9
2200,168,2
2200,169,14
2200,170,7
2200,171,4
2200,172,5
2200,173,4
2200,174,8
2200,175,7
2200,176,5
2200,177,7
2200,178,6
2200,179,2
2200,180,1
2200,181,1
2200,182,2
2200,183,2
2200,184,1
2200,185,4
2200,186,4
2200,188,2
2200,190,3
2200,192,1
2200,193,4
2200,194,1
2200,195,1
2200,196,1
2200,197,1
2200,198,2
2200,199,1
2200,200,1
2200,201,1
2200,205,1
2200,206,3
2200,208,2
2200,211,1
2200,212,1
2200,215,1
2200,216,1
2200,217,1
2200,218,1
2200,219,1
2200,222,1
2200,229,1
2200,240,1
2200,244,1
2200,284,1
2400,0,4
2400,1,3
2400,3,1
2400,5,1
2400,6,3
2400,9,2
2400,10,1
2400,11,3
2400,12,1
2400,13,2
2400,14,2
2400,15,2
2400,16,3
2400,17,5
2400,18,4
2400,19,2
2400,21,4
2400,22,3
2400,23,2
2400,24,5
2400,25,5
2400,26,3
2400,27,7
2400,28,5
2400,29,6
2400,30,8
2400,31,6
2400,32,9
2400,33,8
2400,34,8
2400,35,13
2400,36,15
2400,37,13
2400,38,10
2400,39,14
2400,40,13
2400,41,22
2400,42,12
2400,43,22
2400,44,8
2400,45,17
2400,46,14
2400,47,16
2400,48,18
2400,49,16
2400,50,18
2400,51,13
2400,52,23
2400,53,31
2400,54,30
2400,55,31
2400,56,24
2400,57,25
2400,58,23
2400,59,26
2400,60,25
2400,61,23
2400,62,10
2400,63,26
2400,64,22
2400,65,16
2400,66,22
2400,67,22
2400,68,16
2400,69,15
2400,70,20
2400,71,23
2400,72,17
2400,73,16
2400,74,2
2400,75,27
2400,76,21
2400,77,20
2400,78,23
2400,79,16
2400,80,14
2400,81,19
2400,82,21
2400,83,9
2400,84,14
2400,85,10
2400,86,18
2400,87,24
2400,88,20
2400,89,13
2400,90,13
2400,91,18
2400,92,10
2400,93,11
2400,94,15
2400,95,18
2400,96,17
2400,97,16
2400,98,18
2400,99,10
2400,100,14
2400,101,16
2400,102,19
2400,103,18
2400,104,18
2400,105,13
2400,106,15
2400,107,10
2400,108,22
2400,109,9
2400,110,12
2400,111,13
2400,112,9
2400,113,12
2400,114,11
2400,115,9
2400,116,11
2400,117,8
2400,118,9
2400,119,6
2400,120,15
2400,121,9
2400,122,11
2400,123,4
2400,124,11
2400,125,10
2400,126,12
2400,127,12
2400,128,10
2400,129,10
2400,130,9
2400,131,9
2400,132,11
2400,133,7
2400,134,5
2400,135,2
2400,136,7
2400,137,9
2400,138,5
2400,139,8
2400,140,3
2400,141,7
2400,142,9
2400,143,5
2400,144,5
2400,145,4
2400,146,1
2400,147,6
2400,148,7
2400,149,2
2400,150,6
2400,151,7
2400,152,5
2400,153,4
2400,155,4
2400,156,2
2400,157,3
2400,158,1
2400,159,2
2400,160,2
2400,161,3
2400,162,2
2400,163,2
2400,164,1
2400,166,2
2400,168,1
2400,172,3
2400,173,1
2400,174,2
2400,175,1
2400,179,1
2400,183,2
2400,186,1
2400,190,1
2400,191,1
2400,207,1
2400,250,1
2600,14,1
2600,19,1
2600,23,1
2600,26,1
2600,27,1
2600,30,2
2600,33,1
2600,36,1
2600,37,1
2600,38,3
2600,39,1
2600,41,2
2600,42,1
2600,43,1
2600,44,1
2600,45,1
2600,49,1
2600,50,2
2600,52,2
2600,53,3
2600,54,3
2600,55,1
2600,56,1
2600,57,5
2600,58,2
2600,59,2
2600,60,2
2600,61,2
2600,62,1
2600,63,2
2600,64,1
2600,65,2
2600,67,2
2600,68,1
2600,69,1
2600,70,2
2600,71,5
2600,72,1
2600,73,7
2600,74,1
2600,75,2
2600,76,1
2600,77,3
2600,79,3
2600,81,1
2600,82,1
2600,84,3
2600,85,1
2600,86,3
2600,87,1
2600,88,3
2600,89,1
2600,90,1
2600,91,1
2600,92,1
2600,93,2
2600,94,1
2600,96,1
2600,97,3
2600,98,1
2600,99,2
2600,100,2
2600,102,1
2600,104,1
2600,106,2
2600,107,1
2600,108,1
2600,109,1
2600,110,2
2600,111,2
2600,112,1
2600,113,1
2600,115,1
2600,116,1
2600,118,1
2600,119,2
2600,120,3
2600,121,1
2600,126,1
2600,127,1
2600,128,2
2600,129,2
2600,130,1
2600,132,1
2600,136,1
2600,138,1
2600,140,1
2600,144,1
2600,146,2
2600,147,1
2600,149,1
2600,153,1
2600,163,1
2600,167,1
2600,181,1
